Image_ID,Image_Width,Image_Height,Total_Attention_Intensity,Max_Saliency_Peak,Attention_Density,Text_Count,Text_Area_Ratio,Attention_Ratio,Avg_Text_Saliency,Clutter_Index,Dominant_Quadrant
956,720,720,13338289.0,188.0,70572.96,17,0.0922,3.23418,69.001,4.059,Q4_BottomRight
566,720,720,11384468.0,226.0,50151.84,3,0.05891,4.25774,78.448,26.149,Q1_TopLeft
950,720,720,8813569.0,214.0,40993.34,6,0.06802,2.41161,37.409,6.235,Q3_BottomLeft
663,720,720,10029964.0,219.0,45590.75,19,0.21125,3.85219,46.509,2.448,Q2_TopRight
36,720,720,8204120.0,223.0,36625.54,2,0.01051,3.64628,56.144,28.072,Q4_BottomRight
903,720,720,9188871.0,203.0,45043.49,19,0.08483,3.36853,49.719,2.617,Q4_BottomRight
690,720,720,13189417.0,196.0,66951.36,12,0.21095,3.28138,56.362,4.697,Q4_BottomRight
17,720,720,13374599.0,237.0,56195.79,3,0.14883,2.68682,55.409,18.47,Q3_BottomLeft
661,720,720,11999682.0,210.0,56870.53,18,0.18778,4.81684,64.948,3.608,Q4_BottomRight
905,720,720,13399674.0,214.0,62324.07,4,0.02742,5.90144,134.469,33.617,Q3_BottomLeft
86,720,720,9205798.0,209.0,43837.13,25,0.26598,3.22035,35.954,1.438,Q3_BottomLeft
933,720,720,8575968.0,196.0,43532.83,10,0.118,1.81043,27.336,2.734,Q4_BottomRight
600,720,720,11343446.0,221.0,51096.6,2,0.02886,6.78289,127.193,63.596,Q1_TopLeft
80,720,720,10350704.0,207.0,49763.0,23,0.17782,3.12682,45.3,1.97,Q3_BottomLeft
695,720,720,9373007.0,212.0,44004.73,21,0.25702,5.53146,46.202,2.2,Q1_TopLeft
922,720,720,8926722.0,216.0,41136.97,12,0.14728,4.0784,48.321,4.027,Q1_TopLeft
926,720,720,11196151.0,229.0,48678.92,5,0.04431,5.3245,96.504,19.301,Q1_TopLeft
841,720,720,9679580.0,240.0,40164.23,3,0.10697,14.11991,109.696,36.565,Q2_TopRight
258,720,720,10615521.0,242.0,43685.27,2,0.02789,10.59342,171.137,85.568,Q1_TopLeft
160,720,720,10835347.0,208.0,51843.77,23,0.26145,3.64563,45.043,1.958,Q4_BottomRight
560,720,720,11256625.0,210.0,53348.93,8,0.22723,3.48118,48.338,6.042,Q3_BottomLeft
863,720,720,12994142.0,226.0,57242.92,10,0.20985,16.63577,97.401,9.74,Q3_BottomLeft
7,720,720,8542632.0,233.0,36506.97,2,0.01674,6.52724,98.452,49.226,Q1_TopLeft
535,720,720,10211523.0,250.0,40683.36,1,0.00872,11.9877,215.489,215.489,Q2_TopRight
745,720,720,19442334.0,239.0,81009.73,7,0.12784,6.38746,141.857,20.265,Q2_TopRight
932,720,720,13935232.0,218.0,63631.2,3,0.03486,5.98647,137.093,45.698,Q1_TopLeft
306,720,720,8645609.0,243.0,35432.82,2,0.06304,17.19617,141.904,70.952,Q1_TopLeft
309,720,720,9003433.0,231.0,38807.9,12,0.10785,6.56042,71.226,5.936,Q2_TopRight
372,720,720,15752353.0,218.0,71928.55,9,0.15103,5.09684,95.676,10.631,Q1_TopLeft
727,720,720,10211688.0,202.0,50303.88,17,0.13482,3.6888,53.331,3.137,Q3_BottomLeft
881,720,720,13154053.0,220.0,59520.6,14,0.23732,3.9194,58.749,4.196,Q4_BottomRight
333,720,720,11108052.0,239.0,46283.55,17,0.1372,3.10083,51.577,3.034,Q3_BottomLeft
376,720,720,12909654.0,202.0,63594.35,17,0.20374,2.34667,45.857,2.697,Q4_BottomRight
308,720,720,10401091.0,222.0,46641.66,0,0.0,,,,NoText
786,720,720,8790075.0,247.0,35443.85,0,0.0,,,,NoText
807,720,720,8303037.0,221.0,37401.07,1,0.00135,0.00056,0.009,0.009,Q4_BottomRight
38,720,720,11347336.0,235.0,48081.93,3,0.04075,7.86469,134.521,44.84,Q4_BottomRight
411,720,720,12018162.0,246.0,48656.53,11,0.13154,2.74173,51.714,4.701,Q3_BottomLeft
70,720,720,11975265.0,207.0,57573.39,19,0.23763,2.93039,46.406,2.442,Q1_TopLeft
433,720,720,17681473.0,216.0,81481.44,12,0.20301,3.95013,84.264,7.022,Q3_BottomLeft
112,720,720,9883292.0,213.0,46183.61,15,0.14491,3.10288,45.34,3.023,Q3_BottomLeft
928,720,720,10056961.0,232.0,43162.92,1,0.00037,5.19935,100.711,100.711,Q3_BottomLeft
971,720,720,10547365.0,219.0,47942.57,12,0.114,5.08947,70.625,5.885,Q2_TopRight
959,720,720,11771670.0,206.0,56867.97,1,0.00328,7.81677,173.619,173.619,Q4_BottomRight
257,720,720,8388477.0,208.0,40136.25,9,0.20191,3.74018,38.964,4.329,Q3_BottomLeft
904,720,720,8415208.0,226.0,37071.4,1,0.02521,2.44746,38.331,38.331,Q1_TopLeft
144,720,720,9950650.0,228.0,43452.62,14,0.18243,6.29995,61.482,4.392,Q4_BottomRight
731,720,720,10637116.0,228.0,46450.29,12,0.09368,7.00493,91.988,7.666,Q1_TopLeft
707,720,720,11800957.0,204.0,57565.64,14,0.2285,4.97347,59.34,4.239,Q1_TopLeft
878,720,720,9270125.0,172.0,53584.54,20,0.26238,2.94767,34.884,1.744,Q4_BottomRight
872,720,720,6782956.0,217.0,31114.48,4,0.2809,1.389,16.384,4.096,Q1_TopLeft
111,720,720,7828110.0,206.0,37816.96,20,0.14715,2.53541,31.23,1.561,Q4_BottomRight
453,720,720,11070220.0,233.0,47308.63,0,0.0,,,,NoText
413,720,720,15993657.0,229.0,69537.64,4,0.15751,3.64753,79.416,19.854,Q1_TopLeft
619,720,720,11103436.0,243.0,45505.89,9,0.03902,2.07782,42.708,4.745,Q4_BottomRight
252,720,720,7871507.0,198.0,39555.31,6,0.18907,7.12838,50.141,8.357,Q3_BottomLeft
61,720,720,11790607.0,247.0,47542.77,4,0.04185,10.73025,173.429,43.357,Q2_TopRight
621,720,720,10231740.0,239.0,42632.25,5,0.05082,9.01818,126.462,25.292,Q4_BottomRight
482,720,720,13279643.0,225.0,58759.48,2,0.12304,2.62044,55.968,27.984,Q4_BottomRight
103,720,720,8856039.0,207.0,42577.11,23,0.20593,4.17799,43.141,1.876,Q3_BottomLeft
945,720,720,7269786.0,223.0,32454.4,18,0.13444,2.90693,32.447,1.803,Q4_BottomRight
384,720,720,12690641.0,245.0,51587.97,6,0.0894,5.1871,92.396,15.399,Q2_TopRight
133,720,720,10963104.0,222.0,49161.9,7,0.13119,2.23871,40.726,5.818,Q3_BottomLeft
318,720,720,10523588.0,235.0,44591.47,1,0.01376,5.5775,106.515,106.515,Q4_BottomRight
115,720,720,10544024.0,234.0,44868.19,13,0.09351,4.22116,65.982,5.076,Q4_BottomRight
498,720,720,14177976.0,237.0,59571.33,4,0.11606,6.55608,109.011,27.253,Q2_TopRight
641,720,720,10124057.0,210.0,47981.31,3,0.04535,2.72833,49.41,16.47,Q1_TopLeft
210,720,720,9565773.0,204.0,46662.31,10,0.13585,2.5408,38.769,3.877,Q1_TopLeft
194,720,720,11131492.0,216.0,51297.2,10,0.16711,2.98087,48.089,4.809,Q1_TopLeft
797,720,720,12229900.0,242.0,50328.81,2,0.00683,1.383,32.542,16.271,Q2_TopRight
329,720,720,15685599.0,241.0,64816.52,12,0.08511,6.7286,136.863,11.405,Q4_BottomRight
618,720,720,12454664.0,228.0,54387.18,9,0.12954,3.66694,65.478,7.275,Q3_BottomLeft
29,720,720,10791244.0,217.0,49501.12,13,0.13187,6.05438,75.625,5.817,Q4_BottomRight
495,720,720,10311191.0,205.0,50054.33,10,0.15878,3.32829,48.333,4.833,Q3_BottomLeft
324,720,720,9595019.0,241.0,39648.84,4,0.08746,4.81248,66.8,16.7,Q4_BottomRight
966,720,720,16561227.0,216.0,76319.02,10,0.05906,3.91939,106.798,10.68,Q3_BottomLeft
442,720,720,12667811.0,245.0,51495.17,11,0.18945,6.42419,77.423,7.038,Q3_BottomLeft
774,720,720,8450772.0,205.0,41023.17,1,0.02451,2.93087,45.619,45.619,Q2_TopRight
300,720,720,9656097.0,248.0,38779.51,10,0.13529,6.86027,71.275,7.127,Q2_TopRight
576,720,720,9979541.0,245.0,40567.24,0,0.0,,,,NoText
586,720,720,13061885.0,208.0,62497.06,8,0.22723,1.50645,34.04,4.255,Q3_BottomLeft
287,720,720,11665196.0,226.0,51388.53,0,0.0,,,,NoText
71,720,720,11174750.0,202.0,55048.03,18,0.11801,6.22666,83.018,4.612,Q1_TopLeft
509,720,720,9989292.0,245.0,40606.88,4,0.00924,2.22571,42.408,10.602,Q4_BottomRight
145,720,720,8707899.0,201.0,43108.41,13,0.20495,4.18548,42.536,3.272,Q1_TopLeft
551,720,720,14975975.0,225.0,66265.38,7,0.03597,2.0478,57.01,8.144,Q2_TopRight
291,720,720,10995069.0,219.0,49977.59,2,0.14241,3.10257,50.641,25.321,Q4_BottomRight
123,720,720,10087053.0,186.0,53941.46,14,0.26774,3.21977,39.296,2.807,Q4_BottomRight
350,720,720,10647714.0,230.0,46094.0,8,0.05281,6.23302,100.304,12.538,Q4_BottomRight
954,720,720,13279011.0,208.0,63535.94,5,0.09091,4.31958,84.997,16.999,Q4_BottomRight
47,720,720,13073504.0,239.0,54472.93,9,0.1693,5.46537,78.492,8.721,Q2_TopRight
562,720,720,10862909.0,227.0,47644.34,2,0.01055,0.44091,9.294,4.647,Q3_BottomLeft
856,720,720,13197927.0,227.0,57885.64,6,0.11282,4.09544,77.278,12.88,Q4_BottomRight
601,720,720,9016488.0,229.0,39202.12,18,0.06277,9.27379,106.163,5.898,Q3_BottomLeft
934,720,720,11450188.0,242.0,47120.12,3,0.0079,3.29867,71.56,23.853,Q1_TopLeft
481,720,720,12105473.0,218.0,55276.13,10,0.11716,1.57647,34.484,3.448,Q3_BottomLeft
94,720,720,7172442.0,159.0,44827.76,38,0.32948,1.7061,19.15,0.504,Q2_TopRight
304,720,720,11336092.0,237.0,47630.64,2,0.00855,8.75301,179.507,89.754,Q1_TopLeft
369,720,720,12365089.0,224.0,54955.95,11,0.18621,5.10078,68.987,6.272,Q3_BottomLeft
119,720,720,15709638.0,238.0,65730.7,6,0.06205,5.49035,130.124,21.687,Q1_TopLeft
62,720,720,9868601.0,227.0,43283.34,19,0.17816,7.15231,64.957,3.419,Q3_BottomLeft
26,720,720,14400161.0,240.0,59751.71,4,0.06827,8.91188,160.735,40.184,Q3_BottomLeft
57,720,720,10063861.0,223.0,44927.95,2,0.09577,2.49441,42.362,21.181,Q4_BottomRight
254,720,720,9303812.0,244.0,37974.74,1,0.00383,0.0,0.0,0.0,Q1_TopLeft
646,720,720,9724067.0,226.0,42837.3,14,0.09986,4.36642,61.298,4.378,Q4_BottomRight
571,720,720,13214092.0,218.0,60338.32,3,0.12822,3.03967,61.419,20.473,Q3_BottomLeft
437,720,720,16814781.0,228.0,73426.99,1,0.10451,4.06017,99.783,99.783,Q3_BottomLeft
189,720,720,7741085.0,192.0,40109.25,31,0.34114,3.67226,28.686,0.925,Q4_BottomRight
332,720,720,12665604.0,182.0,69210.95,8,0.22749,4.24749,59.683,7.46,Q3_BottomLeft
182,720,720,7134574.0,185.0,38357.92,29,0.20823,3.89253,33.434,1.153,Q4_BottomRight
729,720,720,8643333.0,192.0,44784.11,4,0.23755,2.14713,28.133,7.033,Q3_BottomLeft
355,720,720,12378207.0,247.0,49912.12,8,0.05052,7.22138,131.195,16.399,Q1_TopLeft
550,720,720,12498441.0,203.0,61266.87,4,0.05378,3.77327,79.165,19.791,Q2_TopRight
430,720,720,13422733.0,209.0,63917.78,15,0.28277,5.10941,61.191,4.079,Q1_TopLeft
131,720,720,11311538.0,208.0,54122.19,16,0.19009,5.89069,66.61,4.163,Q1_TopLeft
371,720,720,14029176.0,236.0,59194.84,11,0.09323,6.12048,112.114,10.192,Q3_BottomLeft
152,720,720,12505603.0,208.0,59835.42,4,0.14476,4.5314,72.335,18.084,Q3_BottomLeft
137,720,720,11132922.0,199.0,55664.61,18,0.2434,3.44184,46.361,2.576,Q1_TopLeft
418,720,720,12142766.0,221.0,54697.14,5,0.02957,4.0082,86.217,17.243,Q2_TopRight
623,720,720,10596335.0,212.0,49748.05,13,0.13602,4.25667,60.298,4.638,Q3_BottomLeft
656,720,720,9754875.0,222.0,43743.83,2,0.01183,7.64009,133.295,66.648,Q1_TopLeft
231,720,720,6907060.0,201.0,34193.37,8,0.15633,0.67645,9.493,1.187,Q1_TopLeft
817,720,720,9797707.0,218.0,44738.39,4,0.08945,0.50268,9.943,2.486,Q3_BottomLeft
331,720,720,12696955.0,238.0,53125.33,11,0.24273,2.29983,42.819,3.893,Q1_TopLeft
85,720,720,11698106.0,210.0,55441.26,36,0.22521,2.89812,45.814,1.273,Q4_BottomRight
527,720,720,13055882.0,250.0,52015.47,2,0.0525,11.98069,191.396,95.698,Q2_TopRight
668,720,720,11935508.0,200.0,59380.64,7,0.30261,3.34597,45.053,6.436,Q3_BottomLeft
315,720,720,10762706.0,215.0,49827.34,2,0.01446,2.23315,45.551,22.776,Q2_TopRight
703,720,720,12766169.0,236.0,53865.69,13,0.16898,3.47166,60.306,4.639,Q4_BottomRight
95,720,720,9600560.0,197.0,48487.68,29,0.27216,1.56585,25.129,0.867,Q3_BottomLeft
351,720,720,13970746.0,225.0,61817.46,5,0.08406,4.80709,98.142,19.628,Q4_BottomRight
79,720,720,9490524.0,223.0,42368.41,6,0.30246,1.32338,22.069,3.678,Q4_BottomRight
919,720,720,4526992.0,168.0,26786.93,8,0.10313,7.09323,38.039,4.755,Q4_BottomRight
134,720,720,9571708.0,219.0,43507.76,25,0.25284,5.3691,47.102,1.884,Q4_BottomRight
289,720,720,11672113.0,228.0,50969.93,2,0.1014,2.91375,54.943,27.471,Q4_BottomRight
634,720,720,13265791.0,239.0,55274.13,3,0.02031,7.17927,163.231,54.41,Q4_BottomRight
783,720,720,9713060.0,213.0,45388.13,6,0.1195,4.62707,60.481,10.08,Q3_BottomLeft
631,720,720,10253949.0,229.0,44582.39,3,0.00965,8.85147,162.751,54.25,Q1_TopLeft
262,720,720,7690483.0,227.0,33730.19,1,0.03943,7.39731,87.634,87.634,Q1_TopLeft
747,720,720,13770880.0,225.0,60933.1,0,0.0,,,,NoText
831,720,720,13786500.0,223.0,61546.88,21,0.26576,2.39561,46.473,2.213,Q1_TopLeft
506,720,720,17365516.0,235.0,73582.69,2,0.05551,4.38741,123.709,61.855,Q1_TopLeft
393,720,720,9611430.0,228.0,41971.31,6,0.01627,3.61655,64.315,10.719,Q1_TopLeft
811,720,720,12160445.0,246.0,49232.57,2,0.01444,5.97801,130.826,65.413,Q3_BottomLeft
37,720,720,11667656.0,222.0,52321.33,1,0.03072,4.69661,94.927,94.927,Q4_BottomRight
561,720,720,9936417.0,221.0,44758.64,1,0.11796,2.67011,42.756,42.756,Q4_BottomRight
490,720,720,15211547.0,217.0,69777.74,3,0.17305,1.0918,31.536,10.512,Q3_BottomLeft
237,720,720,12418536.0,226.0,54707.21,3,0.05979,4.02532,81.658,27.219,Q4_BottomRight
640,720,720,9853473.0,224.0,43793.21,2,0.00606,2.81619,52.946,26.473,Q2_TopRight
174,720,720,7449078.0,182.0,40705.34,18,0.28054,5.64355,35.217,1.957,Q3_BottomLeft
98,720,720,12900861.0,198.0,64828.45,12,0.16062,1.19289,28.794,2.4,Q2_TopRight
890,720,720,11701433.0,215.0,54173.3,3,0.01792,6.69711,137.165,45.722,Q3_BottomLeft
850,720,720,13162211.0,200.0,65483.64,12,0.1063,2.36352,52.413,4.368,Q4_BottomRight
832,720,720,15130638.0,240.0,62782.73,2,0.00922,5.13056,144.253,72.126,Q4_BottomRight
198,720,720,12361226.0,237.0,51937.92,9,0.1859,5.09244,68.963,7.663,Q4_BottomRight
603,720,720,9144342.0,223.0,40822.96,1,0.01632,6.27925,101.977,101.977,Q1_TopLeft
40,720,720,15087737.0,249.0,60350.95,16,0.20013,4.17788,74.325,4.645,Q1_TopLeft
889,720,720,12110160.0,210.0,57394.12,17,0.29067,3.17829,45.462,2.674,Q4_BottomRight
658,720,720,7246916.0,197.0,36600.59,9,0.16807,2.0782,24.595,2.733,Q4_BottomRight
386,720,720,15874905.0,228.0,69322.73,6,0.03813,3.99443,109.786,18.298,Q1_TopLeft
664,720,720,6528815.0,185.0,35101.16,12,0.40228,2.18241,18.626,1.552,Q2_TopRight
377,720,720,8378719.0,241.0,34622.81,17,0.14096,5.4721,54.247,3.191,Q1_TopLeft
9,720,720,10401970.0,228.0,45423.45,6,0.07208,3.61759,61.067,10.178,Q1_TopLeft
556,720,720,10265357.0,237.0,43131.75,1,0.01937,4.16087,77.64,77.64,Q2_TopRight
241,720,720,11647280.0,213.0,54426.54,20,0.27834,4.0628,49.275,2.464,Q4_BottomRight
278,720,720,10131320.0,226.0,44631.37,4,0.01925,8.35893,143.092,35.773,Q4_BottomRight
409,720,720,9465685.0,209.0,45074.69,6,0.0748,6.39643,83.208,13.868,Q1_TopLeft
758,720,720,11363258.0,245.0,46192.11,2,0.01141,5.94522,123.358,61.679,Q3_BottomLeft
362,720,720,11842284.0,245.0,48139.37,4,0.09326,3.76235,68.341,17.085,Q3_BottomLeft
266,720,720,14511450.0,232.0,62280.9,0,0.0,,,,NoText
547,720,720,13841033.0,226.0,60973.71,4,0.03524,7.193,157.645,39.411,Q1_TopLeft
796,720,720,11245380.0,215.0,52061.94,4,0.04176,5.80701,104.909,26.227,Q3_BottomLeft
34,720,720,11589805.0,218.0,52921.48,3,0.0024,0.00129,0.029,0.01,Q1_TopLeft
654,720,720,9950023.0,228.0,43449.88,2,0.04238,5.76571,92.07,46.035,Q4_BottomRight
778,720,720,10871702.0,247.0,43837.51,9,0.08109,5.51693,84.682,9.409,Q3_BottomLeft
13,720,720,15686529.0,225.0,69409.42,6,0.10651,5.91929,117.533,19.589,Q3_BottomLeft
893,720,720,9832063.0,196.0,49908.95,4,0.02516,5.84963,98.88,24.72,Q1_TopLeft
760,720,720,11917179.0,247.0,48053.14,6,0.06916,4.7419,86.598,14.433,Q2_TopRight
395,720,720,15461588.0,215.0,71581.43,7,0.11689,3.09767,74.197,10.6,Q4_BottomRight
914,720,720,11613524.0,223.0,51846.09,1,0.04419,0.0,0.0,0.0,Q4_BottomRight
187,720,720,8384457.0,246.0,33945.17,1,0.00281,14.77958,230.13,230.13,Q2_TopRight
960,720,720,5667154.0,190.0,29670.96,8,0.14515,6.32482,39.0,4.875,Q3_BottomLeft
28,720,720,9636232.0,232.0,41357.22,3,0.07243,7.14746,91.928,30.643,Q4_BottomRight
510,720,720,10047807.0,238.0,42041.03,3,0.04069,10.26545,144.493,48.164,Q1_TopLeft
750,720,720,13242396.0,243.0,54272.11,7,0.12895,3.51293,67.775,9.682,Q3_BottomLeft
676,720,720,10554907.0,181.0,57993.99,10,0.31812,2.3035,33.153,3.315,Q4_BottomRight
294,720,720,14005419.0,198.0,70378.99,6,0.10095,4.098,84.338,14.056,Q4_BottomRight
447,720,720,14930608.0,210.0,70761.18,1,0.14101,2.37089,57.223,57.223,Q4_BottomRight
274,720,720,13705346.0,215.0,63450.68,5,0.04314,5.45915,121.043,24.209,Q4_BottomRight
382,720,720,11838881.0,225.0,52384.43,8,0.06305,4.29669,81.239,10.155,Q3_BottomLeft
773,720,720,7783490.0,246.0,31512.11,0,0.0,,,,NoText
172,720,720,8742667.0,248.0,35111.11,1,0.0051,11.87581,189.757,189.757,Q1_TopLeft
687,720,720,12159080.0,222.0,54525.02,9,0.12316,4.2669,71.366,7.93,Q1_TopLeft
341,720,720,12751809.0,232.0,54728.79,8,0.07398,5.67407,103.711,12.964,Q3_BottomLeft
849,720,720,12048860.0,223.0,53789.55,6,0.16002,2.68602,49.165,8.194,Q4_BottomRight
236,720,720,6904233.0,202.0,34011.0,5,0.10132,7.84167,61.681,12.336,Q3_BottomLeft
360,720,720,13228661.0,224.0,58794.05,10,0.12982,3.30527,64.917,6.492,Q2_TopRight
249,720,720,11326429.0,220.0,51250.81,4,0.11865,10.08107,106.023,26.506,Q4_BottomRight
782,720,720,14803777.0,225.0,65503.44,6,0.02058,2.4581,68.15,11.358,Q3_BottomLeft
416,720,720,11533076.0,228.0,50362.78,9,0.18684,1.94571,36.787,4.087,Q3_BottomLeft
529,720,720,12778659.0,200.0,63575.42,2,0.07477,4.70114,90.766,45.383,Q4_BottomRight
328,720,720,13889697.0,244.0,56692.64,7,0.06636,2.65397,64.076,9.154,Q3_BottomLeft
370,720,720,10014886.0,222.0,44909.8,20,0.25142,3.68775,42.514,2.126,Q3_BottomLeft
154,720,720,11336093.0,207.0,54500.45,13,0.27239,6.96113,58.017,4.463,Q1_TopLeft
645,720,720,7873799.0,226.0,34686.34,2,0.02547,4.40327,61.545,30.773,Q3_BottomLeft
184,720,720,6930560.0,223.0,30940.0,8,0.04186,12.40891,112.276,14.034,Q4_BottomRight
842,720,720,13043429.0,231.0,56221.68,0,0.0,,,,NoText
423,720,720,16324454.0,233.0,69762.62,5,0.10527,5.41648,116.433,23.287,Q1_TopLeft
821,720,720,11334237.0,192.0,58726.62,0,0.0,,,,NoText
712,720,720,13231520.0,225.0,58546.55,18,0.31265,2.7798,45.585,2.533,Q4_BottomRight
652,720,720,10143769.0,227.0,44490.21,4,0.04267,7.78272,118.106,29.527,Q2_TopRight
508,720,720,10360022.0,242.0,42633.84,0,0.0,,,,NoText
679,720,720,6572220.0,193.0,33877.42,7,0.439,2.49865,19.107,2.73,Q4_BottomRight
553,720,720,13076712.0,236.0,55176.0,0,0.0,,,,NoText
277,720,720,12560329.0,225.0,55576.68,2,0.00641,2.05895,49.55,24.775,Q3_BottomLeft
432,720,720,18213278.0,233.0,77834.52,3,0.18753,2.80836,73.681,24.56,Q3_BottomLeft
759,720,720,12659413.0,241.0,52311.62,0,0.0,,,,NoText
217,720,720,7236989.0,201.0,35826.68,4,0.01831,0.0,0.0,0.0,Q3_BottomLeft
874,720,720,15562141.0,231.0,67078.19,8,0.10919,6.31378,119.944,14.993,Q2_TopRight
969,720,720,9702419.0,205.0,47099.12,18,0.10207,3.04292,47.125,2.618,Q4_BottomRight
169,720,720,11605828.0,246.0,46987.16,5,0.02259,9.27216,174.9,34.98,Q2_TopRight
361,720,720,13587769.0,231.0,58567.97,5,0.07508,3.00306,68.423,13.685,Q3_BottomLeft
505,720,720,12845797.0,241.0,53081.81,3,0.03597,8.30055,162.906,54.302,Q3_BottomLeft
957,720,720,12299756.0,223.0,54909.62,5,0.00883,8.60146,191.245,38.249,Q4_BottomRight
216,720,720,8729020.0,208.0,41765.65,23,0.30196,7.90647,43.148,1.876,Q1_TopLeft
846,720,720,10924060.0,251.0,43349.44,2,0.01546,5.98766,117.143,58.571,Q4_BottomRight
677,720,720,11327008.0,218.0,51721.5,11,0.19965,3.00496,46.889,4.263,Q4_BottomRight
448,720,720,15238865.0,233.0,65123.35,3,0.299,4.43317,64.306,21.435,Q3_BottomLeft
438,720,720,16909121.0,228.0,73838.96,2,0.09404,6.24538,136.419,68.209,Q1_TopLeft
454,720,720,12127692.0,218.0,55377.59,6,0.09149,5.47044,90.829,15.138,Q4_BottomRight
800,720,720,13875776.0,248.0,55726.01,3,0.02354,5.5626,134.451,44.817,Q3_BottomLeft
946,720,720,11103456.0,206.0,53639.88,15,0.07142,2.25995,44.409,2.961,Q1_TopLeft
725,720,720,13698787.0,212.0,64313.55,9,0.11334,4.29417,82.625,9.181,Q3_BottomLeft
735,720,720,11150942.0,187.0,59313.52,16,0.33514,3.27678,39.979,2.499,Q1_TopLeft
545,720,720,8455364.0,201.0,41858.24,2,0.05734,2.24566,34.186,17.093,Q4_BottomRight
582,720,720,10469387.0,237.0,43989.02,0,0.0,,,,NoText
114,720,720,8779238.0,228.0,38337.28,10,0.1335,4.8594,54.312,5.431,Q4_BottomRight
64,720,720,11311780.0,220.0,51184.52,19,0.19814,6.25226,66.854,3.519,Q4_BottomRight
434,720,720,14080739.0,236.0,59412.4,7,0.11886,2.46509,57.026,8.147,Q2_TopRight
72,720,720,10041509.0,232.0,43096.61,18,0.1773,7.28761,66.75,3.708,Q3_BottomLeft
151,720,720,9163801.0,245.0,37251.22,12,0.09705,8.62421,87.619,7.302,Q4_BottomRight
353,720,720,12191732.0,234.0,51879.71,6,0.13604,2.60223,50.247,8.375,Q3_BottomLeft
408,720,720,12797035.0,236.0,53995.93,3,0.04498,6.01113,121.094,40.365,Q1_TopLeft
190,720,720,11806429.0,215.0,54659.39,10,0.26188,3.73905,49.587,4.959,Q4_BottomRight
825,720,720,12967059.0,220.0,58674.48,15,0.27543,1.93349,38.472,2.565,Q3_BottomLeft
109,720,720,10186234.0,217.0,46725.84,20,0.36282,2.52588,31.946,1.597,Q3_BottomLeft
357,720,720,13946175.0,224.0,61983.0,9,0.11024,6.17046,105.733,11.748,Q4_BottomRight
616,720,720,8385011.0,223.0,37433.08,15,0.13905,2.38589,32.356,2.157,Q4_BottomRight
125,720,720,10966864.0,205.0,53237.2,25,0.18562,3.46417,50.285,2.011,Q3_BottomLeft
602,720,720,11915932.0,229.0,51808.4,8,0.02148,7.30572,147.897,18.487,Q4_BottomRight
87,720,720,10476622.0,204.0,51105.47,19,0.21068,6.08831,59.383,3.125,Q4_BottomRight
891,720,720,14366854.0,208.0,68740.93,3,0.05698,5.26067,117.313,39.104,Q1_TopLeft
941,720,720,9345952.0,231.0,40284.28,0,0.0,,,,NoText
165,720,720,8905943.0,191.0,46385.12,7,0.03373,3.15923,50.59,7.227,Q4_BottomRight
69,720,720,8778985.0,211.0,41410.31,27,0.21722,3.94753,40.756,1.509,Q3_BottomLeft
923,720,720,10337619.0,200.0,51430.94,10,0.21758,2.68826,39.206,3.921,Q1_TopLeft
627,720,720,7118352.0,205.0,34555.11,0,0.0,,,,NoText
691,720,720,12248388.0,234.0,52120.8,10,0.18321,5.16527,69.219,6.922,Q4_BottomRight
256,720,720,8901275.0,241.0,36782.13,2,0.06688,12.3651,120.628,60.314,Q1_TopLeft
675,720,720,10862344.0,213.0,50758.62,14,0.55435,0.0,39.696,2.835,Q1_TopLeft
684,720,720,10662554.0,208.0,51017.0,11,0.17998,4.16758,54.595,4.963,Q1_TopLeft
343,720,720,11844949.0,249.0,47379.8,10,0.08851,5.75658,92.563,9.256,Q1_TopLeft
726,720,720,13192574.0,206.0,63732.24,10,0.14797,5.08141,80.624,8.062,Q2_TopRight
290,720,720,12234003.0,222.0,54861.0,1,0.00425,0.0,0.0,0.0,Q2_TopRight
476,720,720,10474017.0,228.0,45738.07,14,0.1312,7.84511,83.509,5.965,Q3_BottomLeft
809,720,720,9395565.0,175.0,53383.89,6,0.03095,0.6144,11.27,1.878,Q2_TopRight
272,720,720,11316275.0,232.0,48567.7,5,0.03283,5.55288,105.453,21.091,Q2_TopRight
366,720,720,16343273.0,241.0,67534.19,4,0.06279,6.03866,144.622,36.155,Q2_TopRight
930,720,720,10174794.0,225.0,45021.21,2,0.00884,1.4108,27.59,13.795,Q3_BottomLeft
148,720,720,10720740.0,215.0,49633.06,24,0.26148,5.92878,53.57,2.232,Q4_BottomRight
211,720,720,7917665.0,221.0,35665.16,19,0.05624,4.89352,61.314,3.227,Q4_BottomRight
53,720,720,12654492.0,250.0,50416.3,12,0.18217,8.36273,87.192,7.266,Q1_TopLeft
424,720,720,18630049.0,242.0,76666.87,9,0.124,5.02313,120.437,13.382,Q3_BottomLeft
885,720,720,9431211.0,189.0,49637.95,17,0.3514,2.13165,27.747,1.632,Q3_BottomLeft
18,720,720,12442615.0,214.0,57872.63,6,0.03471,4.81221,102.005,17.001,Q4_BottomRight
611,720,720,11612858.0,237.0,48793.52,3,0.01358,7.21759,149.095,49.698,Q1_TopLeft
443,720,720,9963951.0,237.0,41865.34,6,0.00939,2.46819,46.795,7.799,Q4_BottomRight
461,720,720,14278701.0,210.0,67671.57,5,0.18281,6.6379,90.036,18.007,Q3_BottomLeft
883,720,720,11012579.0,227.0,48300.79,8,0.19709,4.55247,56.883,7.11,Q2_TopRight
396,720,720,14389891.0,191.0,74947.35,11,0.12476,3.64493,76.074,6.916,Q4_BottomRight
243,720,720,9667353.0,215.0,44756.26,1,0.05189,2.65947,45.663,45.663,Q1_TopLeft
608,720,720,13625452.0,221.0,61375.91,6,0.04365,5.65239,123.488,20.581,Q4_BottomRight
548,720,720,13973116.0,233.0,59714.17,1,0.01366,0.02826,0.772,0.772,Q2_TopRight
963,720,720,9149512.0,220.0,41400.51,4,0.06168,1.51913,25.98,6.495,Q1_TopLeft
326,720,720,10699424.0,228.0,46722.38,7,0.07299,4.89446,78.659,11.237,Q1_TopLeft
787,720,720,15424201.0,227.0,67650.0,4,0.06526,5.19638,121.372,30.343,Q3_BottomLeft
694,720,720,10087388.0,206.0,48731.34,15,0.21641,3.16277,41.922,2.795,Q4_BottomRight
588,720,720,11691121.0,243.0,47914.43,1,0.012,3.36888,73.876,73.876,Q2_TopRight
653,720,720,11354080.0,220.0,51375.93,13,0.04848,2.86137,57.483,4.422,Q4_BottomRight
843,720,720,13264057.0,225.0,58690.52,6,0.27874,2.4506,44.649,7.441,Q4_BottomRight
643,720,720,9016672.0,203.0,44199.37,3,0.01218,2.58905,44.177,14.726,Q3_BottomLeft
263,720,720,7540104.0,250.0,30040.25,11,0.04865,20.65967,153.592,13.963,Q3_BottomLeft
720,720,720,10700809.0,236.0,45151.09,29,0.2539,3.78721,45.779,1.579,Q4_BottomRight
812,720,720,7487943.0,244.0,30563.03,1,0.01719,20.80101,224.158,224.158,Q4_BottomRight
322,720,720,10688134.0,222.0,47928.85,4,0.08316,4.31532,69.743,17.436,Q4_BottomRight
587,720,720,12468965.0,233.0,53286.18,0,0.0,,,,NoText
489,720,720,10451613.0,241.0,43188.48,3,0.04761,4.37237,75.957,25.319,Q3_BottomLeft
387,720,720,13430735.0,229.0,58394.5,9,0.0907,3.64544,76.17,8.463,Q4_BottomRight
161,720,720,10964553.0,203.0,53747.81,17,0.35412,4.36373,42.122,2.478,Q1_TopLeft
282,720,720,10734905.0,216.0,49469.61,11,0.13884,3.13403,50.065,4.551,Q4_BottomRight
364,720,720,9376079.0,192.0,48580.72,11,0.11831,5.0302,61.605,5.6,Q3_BottomLeft
564,720,720,9157206.0,207.0,44025.03,2,0.00668,1.78791,31.417,15.709,Q2_TopRight
108,720,720,9551115.0,239.0,39796.31,15,0.13784,7.6876,73.7,4.913,Q3_BottomLeft
101,720,720,9170977.0,203.0,44955.77,10,0.12169,5.10475,60.225,6.022,Q3_BottomLeft
887,720,720,14121261.0,217.0,64776.43,12,0.23778,3.25292,57.7,4.808,Q4_BottomRight
177,720,720,7739718.0,193.0,39895.45,31,0.22101,4.46741,37.761,1.218,Q4_BottomRight
873,720,720,16746910.0,227.0,73451.36,10,0.09613,5.66115,126.294,12.629,Q3_BottomLeft
468,720,720,14663161.0,230.0,63476.89,2,0.14254,2.132,51.926,25.963,Q3_BottomLeft
68,720,720,11106487.0,234.0,47261.65,13,0.10518,8.75582,103.312,7.947,Q2_TopRight
261,720,720,13258501.0,199.0,66292.51,10,0.36748,3.68444,47.437,4.744,Q3_BottomLeft
288,720,720,14665718.0,233.0,62674.01,1,0.01037,5.51336,149.001,149.001,Q1_TopLeft
851,720,720,9519932.0,191.0,49582.98,6,0.09004,0.9251,17.104,2.851,Q1_TopLeft
303,720,720,12923584.0,229.0,56189.5,4,0.02778,7.08414,151.072,37.768,Q4_BottomRight
2,720,720,13810859.0,232.0,59274.07,1,0.0027,1.22493,32.614,32.614,Q2_TopRight
298,720,720,12412460.0,193.0,63981.75,7,0.12291,5.0576,80.801,11.543,Q3_BottomLeft
537,720,720,11397944.0,228.0,49772.68,7,0.09211,1.35881,28.92,4.131,Q3_BottomLeft
67,720,720,8239894.0,223.0,36785.24,10,0.11858,6.11169,60.483,6.048,Q4_BottomRight
524,720,720,14321853.0,228.0,62540.84,4,0.07852,4.75193,101.407,25.352,Q1_TopLeft
232,720,720,9185519.0,223.0,41006.78,10,0.08454,8.51506,92.262,9.226,Q1_TopLeft
788,720,720,18173288.0,222.0,81494.57,4,0.04398,2.33649,77.362,19.341,Q2_TopRight
52,720,720,13911268.0,196.0,70615.57,27,0.22732,3.64459,61.082,2.262,Q1_TopLeft
696,720,720,9036687.0,195.0,46105.55,21,0.29623,2.28175,28.829,1.373,Q2_TopRight
63,720,720,10801646.0,215.0,50007.62,12,0.11818,4.2073,63.57,5.297,Q1_TopLeft
150,720,720,9658298.0,227.0,42360.96,15,0.22961,3.54433,41.683,2.779,Q2_TopRight
21,720,720,10295979.0,237.0,43260.42,7,0.06404,6.86265,99.095,14.156,Q2_TopRight
792,720,720,10227393.0,248.0,41073.87,8,0.04357,1.49656,28.9,3.612,Q4_BottomRight
349,720,720,12710139.0,245.0,51667.23,3,0.02006,7.91607,170.44,56.813,Q3_BottomLeft
242,720,720,8677328.0,230.0,37564.19,2,0.03649,7.0307,96.458,48.229,Q1_TopLeft
414,720,720,16917638.0,218.0,77249.49,7,0.1343,3.90883,91.728,13.104,Q2_TopRight
827,720,720,12333954.0,204.0,60165.63,16,0.34008,3.83302,46.447,2.903,Q2_TopRight
39,720,720,9528103.0,226.0,41974.02,0,0.0,,,,NoText
141,720,720,12045643.0,226.0,53064.51,21,0.17801,4.58305,65.021,3.096,Q1_TopLeft
862,720,720,11035092.0,213.0,51565.85,12,0.2157,5.29298,58.5,4.875,Q4_BottomRight
899,720,720,11206483.0,227.0,49151.24,5,0.03285,6.81836,123.744,24.749,Q1_TopLeft
597,720,720,9226615.0,210.0,43728.03,2,0.00079,3.27981,58.27,29.135,Q4_BottomRight
604,720,720,9870916.0,222.0,44264.2,1,0.0077,5.78138,106.175,106.175,Q1_TopLeft
245,720,720,9081741.0,240.0,37683.57,3,0.04769,15.14341,158.432,52.811,Q1_TopLeft
478,720,720,13180632.0,226.0,58064.46,5,0.14028,4.99823,81.418,16.284,Q3_BottomLeft
785,720,720,10264490.0,249.0,41057.96,2,0.01399,7.84736,141.797,70.898,Q3_BottomLeft
595,720,720,9725984.0,248.0,39060.18,6,0.0616,7.30349,98.7,16.45,Q2_TopRight
218,720,720,6256492.0,188.0,33103.13,0,0.0,,,,NoText
457,720,720,18332062.0,248.0,73622.74,3,0.10653,5.07714,125.174,41.725,Q4_BottomRight
636,720,720,8906747.0,247.0,35914.3,1,0.02609,5.04457,78.399,78.399,Q1_TopLeft
916,720,720,6410891.0,208.0,30674.12,16,0.11142,1.67928,19.306,1.207,Q4_BottomRight
431,720,720,13783609.0,216.0,63518.94,4,0.0894,3.37727,74.058,18.514,Q4_BottomRight
269,720,720,12110867.0,241.0,50044.9,0,0.0,,,,NoText
715,720,720,11161928.0,207.0,53663.12,17,0.21075,3.74232,51.065,3.004,Q4_BottomRight
16,720,720,15134040.0,236.0,63856.71,5,0.03853,6.32635,153.241,30.648,Q1_TopLeft
31,720,720,8553218.0,231.0,36867.32,0,0.0,,,,NoText
710,720,720,11955230.0,235.0,50657.75,6,0.26639,2.31125,39.503,6.584,Q4_BottomRight
422,720,720,13408416.0,240.0,55636.58,10,0.11368,2.62868,57.369,5.737,Q3_BottomLeft
574,720,720,13760453.0,226.0,60618.74,5,0.00817,1.21925,32.306,6.461,Q4_BottomRight
767,720,720,10156856.0,244.0,41456.56,7,0.03245,9.89807,150.48,21.497,Q3_BottomLeft
719,720,720,13277906.0,213.0,62046.29,8,0.42892,8.71036,51.798,6.475,Q1_TopLeft
628,720,720,7044122.0,215.0,32611.68,1,0.00306,13.93953,182.199,182.199,Q3_BottomLeft
644,720,720,11217006.0,222.0,50300.48,6,0.0441,6.97154,119.404,19.901,Q4_BottomRight
143,720,720,11336173.0,226.0,49939.09,16,0.09755,5.58435,84.381,5.274,Q1_TopLeft
497,720,720,15326457.0,243.0,62813.35,5,0.1165,3.68012,82.914,16.583,Q1_TopLeft
352,720,720,11735337.0,204.0,57245.55,13,0.14594,2.92579,51.702,3.977,Q3_BottomLeft
578,720,720,14249052.0,239.0,59371.05,6,0.04177,1.66346,44.49,7.415,Q4_BottomRight
397,720,720,13264887.0,230.0,57423.75,8,0.0776,3.3127,71.868,8.983,Q3_BottomLeft
806,720,720,13680095.0,226.0,60264.74,9,0.12133,5.01639,89.005,9.889,Q4_BottomRight
50,720,720,14878273.0,224.0,66125.66,5,0.03807,6.19458,148.433,29.687,Q4_BottomRight
270,720,720,11236851.0,203.0,55082.6,9,0.05235,2.20838,45.021,5.002,Q3_BottomLeft
772,720,720,13572040.0,226.0,59788.72,9,0.06936,6.07084,117.583,13.065,Q4_BottomRight
815,720,720,10877216.0,222.0,48776.75,0,0.0,,,,NoText
858,720,720,8784497.0,218.0,40111.86,14,0.2108,3.96061,41.324,2.952,Q2_TopRight
902,720,720,13664104.0,213.0,63850.95,3,0.00141,1.80867,47.619,15.873,Q3_BottomLeft
22,720,720,15450166.0,222.0,69283.26,9,0.1057,5.81572,114.862,12.762,Q2_TopRight
450,720,720,15643699.0,228.0,68313.1,2,0.00383,5.54755,164.542,82.271,Q3_BottomLeft
737,720,720,13045888.0,194.0,66901.99,12,0.26949,2.39169,43.772,3.648,Q1_TopLeft
749,720,720,11613419.0,238.0,48591.71,4,0.08922,0.88454,20.022,5.006,Q3_BottomLeft
340,720,720,11933417.0,225.0,52802.73,13,0.10354,3.03785,57.746,4.442,Q3_BottomLeft
233,720,720,6572604.0,175.0,37344.34,0,0.0,,,,NoText
240,720,720,10219062.0,210.0,48431.57,10,0.14469,4.7078,60.4,6.04,Q1_TopLeft
214,720,720,7895329.0,204.0,38513.8,28,0.30856,2.33269,25.175,0.899,Q4_BottomRight
380,720,720,12754280.0,238.0,53365.19,4,0.01792,2.53844,60.778,15.194,Q1_TopLeft
848,720,720,15478045.0,213.0,72327.31,37,0.26498,3.23472,60.66,1.639,Q2_TopRight
617,720,720,8758850.0,229.0,38081.96,4,0.00856,9.06986,143.342,35.835,Q2_TopRight
383,720,720,14374114.0,244.0,58669.85,4,0.12655,7.23218,112.112,28.028,Q2_TopRight
415,720,720,14216402.0,245.0,57790.25,5,0.09766,7.15977,122.597,24.519,Q2_TopRight
734,720,720,13797982.0,225.0,61053.02,17,0.29746,5.11521,61.215,3.601,Q4_BottomRight
381,720,720,11462847.0,224.0,50945.99,6,0.13684,4.38004,66.222,11.037,Q1_TopLeft
56,720,720,9012741.0,240.0,37397.27,8,0.02947,13.03385,167.279,20.91,Q4_BottomRight
23,720,720,10657219.0,247.0,42972.66,0,0.0,,,,NoText
173,720,720,9398512.0,232.0,40336.96,18,0.20672,6.83075,56.155,3.12,Q1_TopLeft
89,720,720,7368412.0,197.0,37214.2,26,0.20383,5.16205,39.696,1.527,Q4_BottomRight
708,720,720,7992794.0,212.0,37524.85,6,0.21893,0.7933,12.811,2.135,Q3_BottomLeft
127,720,720,12469901.0,204.0,60828.79,25,0.28026,4.97392,56.604,2.264,Q2_TopRight
162,720,720,13341999.0,210.0,63232.22,12,0.16843,5.17919,78.23,6.519,Q3_BottomLeft
769,720,720,7562868.0,248.0,30372.96,4,0.01612,9.75241,124.685,31.171,Q2_TopRight
104,720,720,7372089.0,212.0,34610.75,31,0.19949,4.27867,36.786,1.187,Q3_BottomLeft
334,720,720,12437649.0,238.0,52040.37,3,0.01593,7.02768,153.839,51.28,Q2_TopRight
711,720,720,9966929.0,219.0,45304.22,6,0.14116,7.50241,75.21,12.535,Q1_TopLeft
124,720,720,10490156.0,209.0,49953.12,15,0.20881,2.76327,40.869,2.725,Q1_TopLeft
463,720,720,17179097.0,221.0,77383.32,4,0.13041,2.60871,71.458,17.864,Q3_BottomLeft
667,720,720,14711966.0,233.0,62871.65,33,0.22651,3.66277,64.84,1.965,Q4_BottomRight
958,720,720,11815703.0,221.0,53223.89,9,0.14358,3.13858,54.731,6.081,Q3_BottomLeft
680,720,720,7831724.0,197.0,39554.16,18,0.21906,3.20386,32.643,1.813,Q2_TopRight
440,720,720,14182847.0,228.0,61933.83,7,0.1443,5.90857,94.627,13.518,Q4_BottomRight
97,720,720,9461478.0,210.0,44841.13,25,0.19727,3.21683,40.848,1.634,Q3_BottomLeft
970,720,720,12002000.0,216.0,55308.76,6,0.09544,3.40479,64.113,10.686,Q4_BottomRight
421,720,720,18544060.0,227.0,81333.6,6,0.40361,11.61935,78.63,13.105,Q2_TopRight
33,720,720,10454472.0,229.0,45454.23,2,0.01403,6.12056,115.159,57.579,Q1_TopLeft
867,720,720,14741048.0,241.0,60913.42,6,0.13051,8.60657,122.813,20.469,Q4_BottomRight
659,720,720,7521844.0,231.0,32421.74,17,0.33923,2.25475,22.948,1.35,Q4_BottomRight
46,720,720,10013529.0,219.0,45516.04,28,0.0933,4.71971,67.679,2.417,Q4_BottomRight
176,720,720,10609318.0,202.0,52262.65,24,0.28689,4.81409,47.045,1.96,Q4_BottomRight
319,720,720,10608482.0,224.0,47148.81,8,0.0252,6.30474,113.806,14.226,Q4_BottomRight
704,720,720,10520305.0,204.0,51318.56,17,0.37365,12.14896,47.727,2.807,Q4_BottomRight
511,720,720,12770222.0,192.0,66166.95,16,0.23906,2.30379,43.266,2.704,Q3_BottomLeft
879,720,720,12657767.0,245.0,51454.34,8,0.0932,3.77745,73.268,9.158,Q4_BottomRight
935,720,720,8637821.0,185.0,46439.9,13,0.14027,2.40952,33.521,2.579,Q1_TopLeft
166,720,720,7783330.0,226.0,34287.8,6,0.11721,11.30576,76.88,12.813,Q1_TopLeft
155,720,720,9342906.0,199.0,46714.53,36,0.21204,3.53305,41.425,1.151,Q4_BottomRight
302,720,720,10016206.0,249.0,40064.82,0,0.0,,,,NoText
517,720,720,13445695.0,241.0,55560.72,1,0.00286,4.6394,119.092,119.092,Q1_TopLeft
271,720,720,12104557.0,213.0,56563.35,9,0.06924,4.91431,90.28,10.031,Q3_BottomLeft
147,720,720,10439807.0,238.0,43681.2,11,0.2569,6.98394,55.432,5.039,Q1_TopLeft
580,720,720,11263899.0,191.0,58666.14,3,0.14021,1.76971,34.707,11.569,Q3_BottomLeft
557,720,720,15713962.0,231.0,67732.59,7,0.14462,4.96735,95.677,13.668,Q1_TopLeft
637,720,720,13159529.0,203.0,64507.5,8,0.12541,4.57127,80.146,10.018,Q4_BottomRight
138,720,720,10281225.0,219.0,46732.84,14,0.14839,2.73889,43.178,3.084,Q1_TopLeft
203,720,720,9702274.0,202.0,47794.45,16,0.18482,4.00043,48.163,3.01,Q4_BottomRight
335,720,720,13120307.0,214.0,61024.68,3,0.05945,5.05338,103.062,34.354,Q4_BottomRight
507,720,720,11257377.0,234.0,47903.73,2,0.04294,7.62558,128.917,64.459,Q1_TopLeft
118,720,720,12225895.0,230.0,52925.95,20,0.24297,4.12719,55.31,2.765,Q1_TopLeft
107,720,720,12284396.0,184.0,66402.14,23,0.21753,3.7091,55.303,2.404,Q3_BottomLeft
953,720,720,10218585.0,229.0,44428.63,2,0.01339,0.93615,18.469,9.235,Q1_TopLeft
593,720,720,10503225.0,230.0,45468.51,2,0.01621,7.35554,135.11,67.555,Q1_TopLeft
804,720,720,8735668.0,245.0,35510.85,0,0.0,,,,NoText
837,720,720,14122200.0,232.0,60610.3,18,0.08447,6.42168,119.988,6.666,Q1_TopLeft
968,720,720,6994879.0,203.0,34288.62,6,0.08448,3.51983,39.158,6.526,Q3_BottomLeft
404,720,720,13418025.0,227.0,58850.99,13,0.14784,7.60248,99.579,7.66,Q3_BottomLeft
924,720,720,14864861.0,227.0,65196.76,17,0.13937,3.71402,77.27,4.545,Q1_TopLeft
209,720,720,8963385.0,230.0,38802.53,14,0.21713,5.25444,47.226,3.373,Q4_BottomRight
140,720,720,9207542.0,220.0,41663.09,11,0.15811,5.28804,55.974,5.089,Q1_TopLeft
722,720,720,15513111.0,238.0,64908.41,5,0.02007,6.80258,182.333,36.467,Q2_TopRight
531,720,720,17697196.0,244.0,72233.45,5,0.13282,5.65906,119.34,23.868,Q1_TopLeft
528,720,720,14994856.0,233.0,64080.58,11,0.22754,2.86363,58.166,5.288,Q2_TopRight
523,720,720,13442969.0,238.0,56246.73,1,0.00033,0.0,0.0,0.0,Q2_TopRight
43,720,720,14943318.0,232.0,64134.41,16,0.07791,6.50563,131.237,8.202,Q3_BottomLeft
639,720,720,13315926.0,228.0,58148.15,4,0.04961,5.91706,122.184,30.546,Q4_BottomRight
692,720,720,9451385.0,217.0,43354.98,11,0.14374,3.66136,48.283,4.389,Q2_TopRight
48,720,720,11980748.0,225.0,53012.16,39,0.25075,2.97409,45.976,1.179,Q3_BottomLeft
12,720,720,10911535.0,239.0,45464.73,5,0.08505,4.17743,69.222,13.844,Q3_BottomLeft
591,720,720,12671449.0,218.0,57860.5,8,0.21247,3.05767,52.004,6.501,Q4_BottomRight
24,720,720,11317271.0,236.0,47752.2,5,0.0319,2.38096,49.786,9.957,Q4_BottomRight
327,720,720,10768346.0,217.0,49396.08,0,0.0,,,,NoText
449,720,720,16808998.0,225.0,74376.1,6,0.09149,4.35451,108.037,18.006,Q4_BottomRight
223,720,720,10469699.0,233.0,44742.3,7,0.10527,8.29825,94.777,13.54,Q3_BottomLeft
201,720,720,12207481.0,224.0,54255.47,5,0.22571,1.66579,34.102,6.82,Q2_TopRight
567,720,720,9776187.0,243.0,40066.34,1,0.05725,3.52493,58.079,58.079,Q4_BottomRight
554,720,720,12265333.0,231.0,52867.81,2,0.01472,4.80785,107.716,53.858,Q2_TopRight
594,720,720,10590077.0,246.0,42874.81,0,0.0,,,,NoText
871,720,720,15858696.0,181.0,87135.69,24,0.28857,1.83969,45.302,1.888,Q4_BottomRight
620,720,720,9698716.0,240.0,40243.63,6,0.01434,0.29141,5.508,0.918,Q2_TopRight
592,720,720,12292083.0,209.0,58533.73,4,0.0146,4.35001,98.336,24.584,Q4_BottomRight
740,720,720,13714198.0,220.0,62055.19,5,0.15677,5.88964,88.2,17.64,Q1_TopLeft
572,720,720,11070047.0,242.0,45555.75,1,0.00466,0.0,0.0,0.0,Q1_TopLeft
714,720,720,11213642.0,230.0,48543.9,5,0.21082,3.09142,46.409,9.282,Q4_BottomRight
58,720,720,14238488.0,226.0,62724.62,15,0.13676,7.10641,106.362,7.091,Q3_BottomLeft
120,720,720,12683389.0,222.0,56876.18,12,0.22895,4.6267,61.846,5.154,Q1_TopLeft
859,720,720,12568162.0,227.0,55123.52,1,0.00659,9.18312,211.245,211.245,Q1_TopLeft
405,720,720,18365473.0,242.0,75578.08,13,0.15378,6.08041,120.932,9.302,Q1_TopLeft
292,720,720,11200793.0,236.0,47260.73,2,0.03556,3.88781,76.179,38.09,Q4_BottomRight
913,720,720,11038857.0,235.0,46774.82,3,0.02973,8.99462,154.751,51.584,Q1_TopLeft
35,720,720,10160949.0,207.0,48850.72,2,0.0057,0.0,0.0,0.0,Q2_TopRight
230,720,720,9005852.0,228.0,39326.86,3,0.00915,8.63578,140.227,46.742,Q4_BottomRight
541,720,720,15037782.0,216.0,69298.53,9,0.17102,8.33933,107.268,11.919,Q4_BottomRight
669,720,720,14600726.0,209.0,69527.27,13,0.27218,3.61416,59.475,4.575,Q1_TopLeft
88,720,720,11253216.0,230.0,48715.22,16,0.20747,5.15624,60.103,3.756,Q3_BottomLeft
730,720,720,11445969.0,218.0,52264.7,21,0.27985,2.9769,42.317,2.015,Q2_TopRight
705,720,720,8382356.0,211.0,39539.42,17,0.47046,1.60265,20.19,1.188,Q4_BottomRight
164,720,720,13382334.0,202.0,65922.83,15,0.36881,1.81726,36.047,2.403,Q4_BottomRight
81,720,720,6600396.0,196.0,33504.55,18,0.32622,2.48828,21.327,1.185,Q4_BottomRight
753,720,720,11478628.0,248.0,46098.91,2,0.00813,3.2772,71.246,35.623,Q3_BottomLeft
728,720,720,11589847.0,233.0,49529.26,10,0.18663,5.02518,64.154,6.415,Q1_TopLeft
610,720,720,11196163.0,220.0,50661.37,7,0.1098,6.4426,87.096,12.442,Q3_BottomLeft
25,720,720,10148806.0,248.0,40758.26,4,0.0896,7.69751,94.179,23.545,Q4_BottomRight
533,720,720,13271778.0,252.0,52457.62,3,0.02544,0.7576,19.516,6.505,Q3_BottomLeft
614,720,720,7760113.0,213.0,36262.21,3,0.01634,6.62953,90.88,30.293,Q4_BottomRight
555,720,720,11839037.0,219.0,53813.8,10,0.08693,5.83247,93.797,9.38,Q4_BottomRight
20,720,720,9821213.0,245.0,39923.63,0,0.0,,,,NoText
206,720,720,10615229.0,194.0,54437.07,16,0.30396,5.57988,47.765,2.985,Q4_BottomRight
239,720,720,11444930.0,206.0,55289.52,7,0.42401,1.99628,30.984,4.426,Q3_BottomLeft
82,720,720,9641016.0,229.0,41917.46,13,0.1836,4.75002,52.318,4.024,Q3_BottomLeft
429,720,720,19507424.0,239.0,81280.93,4,0.09425,3.60703,108.96,27.24,Q1_TopLeft
724,720,720,12499484.0,208.0,59806.14,15,0.25093,2.51515,43.939,2.929,Q4_BottomRight
713,720,720,7154586.0,205.0,34731.0,5,0.43789,0.0,34.181,6.836,Q3_BottomLeft
8,720,720,10401985.0,235.0,44076.21,4,0.05666,5.92677,92.971,23.243,Q3_BottomLeft
314,720,720,11876192.0,192.0,61534.67,6,0.09788,5.19676,84.389,14.065,Q4_BottomRight
743,720,720,10280564.0,252.0,40634.64,16,0.40524,1.17843,21.794,1.362,Q2_TopRight
466,720,720,14109158.0,249.0,56436.63,8,0.20127,6.96496,86.143,10.768,Q3_BottomLeft
754,720,720,12097271.0,247.0,48779.32,4,0.03986,7.846,143.841,35.96,Q3_BottomLeft
965,720,720,12125988.0,220.0,54868.72,11,0.1041,3.97611,71.007,6.455,Q3_BottomLeft
629,720,720,10056907.0,206.0,48584.09,15,0.04847,1.16051,22.34,1.489,Q1_TopLeft
354,720,720,12615351.0,236.0,53229.33,6,0.09917,6.93046,106.197,17.7,Q2_TopRight
402,720,720,9630138.0,243.0,39467.78,11,0.08164,2.46157,40.853,3.714,Q4_BottomRight
549,720,720,11250060.0,230.0,48701.56,9,0.12934,3.28041,54.975,6.108,Q1_TopLeft
700,720,720,11265221.0,218.0,51439.37,6,0.42285,1.54429,27.28,4.547,Q2_TopRight
207,720,720,10204207.0,197.0,51536.4,11,0.18864,4.29491,52.136,4.74,Q3_BottomLeft
514,720,720,11947838.0,243.0,48966.55,0,0.0,,,,NoText
651,720,720,9141763.0,223.0,40811.44,30,0.04388,0.00038,0.007,0.0,Q3_BottomLeft
657,720,720,10540289.0,249.0,42161.16,5,0.06215,13.55587,154.814,30.963,Q4_BottomRight
406,720,720,15871146.0,228.0,69306.31,10,0.12293,4.07355,90.515,9.052,Q2_TopRight
479,720,720,10893889.0,234.0,46356.97,1,0.00728,0.00411,0.087,0.087,Q4_BottomRight
655,720,720,11773876.0,223.0,52561.95,13,0.13247,6.3272,84.249,6.481,Q3_BottomLeft
153,720,720,11466583.0,203.0,56208.74,22,0.24962,2.9221,43.678,1.985,Q3_BottomLeft
435,720,720,16716700.0,225.0,73967.7,9,0.18818,3.10013,71.652,7.961,Q3_BottomLeft
136,720,720,10272497.0,189.0,54065.77,22,0.27177,3.64462,42.02,1.91,Q3_BottomLeft
805,720,720,11515431.0,240.0,47781.87,1,0.00459,0.0,0.0,0.0,Q1_TopLeft
186,720,720,7661838.0,211.0,36140.75,6,0.30395,1.44672,18.826,3.138,Q4_BottomRight
388,720,720,12812762.0,229.0,55707.66,5,0.08321,4.79198,90.031,18.006,Q4_BottomRight
44,720,720,13657945.0,227.0,59903.27,8,0.07456,5.75262,111.906,13.988,Q3_BottomLeft
139,720,720,12291598.0,216.0,56643.31,8,0.12515,4.28205,71.969,8.996,Q1_TopLeft
6,720,720,13876296.0,244.0,56637.94,13,0.15958,6.30545,91.399,7.031,Q2_TopRight
467,720,720,11490957.0,206.0,55511.87,13,0.2558,2.63993,41.224,3.171,Q1_TopLeft
208,720,720,9260596.0,194.0,47490.24,5,0.14737,5.27578,57.815,11.563,Q4_BottomRight
400,720,720,13337157.0,225.0,59013.97,2,0.20184,3.30635,58.044,29.022,Q4_BottomRight
84,720,720,11468865.0,207.0,55138.77,14,0.13648,3.18001,54.221,3.873,Q4_BottomRight
908,720,720,8686913.0,183.0,47211.48,6,0.08264,2.9507,42.581,7.097,Q3_BottomLeft
439,720,720,15021881.0,227.0,65885.44,14,0.18696,2.64809,58.66,4.19,Q1_TopLeft
436,720,720,14399066.0,232.0,61798.57,5,0.11537,4.26132,86.003,17.201,Q1_TopLeft
90,720,720,9072020.0,234.0,38604.34,20,0.17718,3.0543,39.187,1.959,Q1_TopLeft
869,720,720,14953517.0,233.0,63903.92,11,0.08907,5.2534,109.901,9.991,Q2_TopRight
229,720,720,10393569.0,224.0,46193.64,4,0.17527,2.67164,41.427,10.357,Q1_TopLeft
820,720,720,8527544.0,238.0,35680.1,3,0.01782,4.19642,65.31,21.77,Q4_BottomRight
92,720,720,9763855.0,198.0,49064.6,30,0.21303,2.60612,36.572,1.219,Q1_TopLeft
764,720,720,14939260.0,215.0,69163.24,16,0.09813,3.20694,75.966,4.748,Q3_BottomLeft
756,720,720,13873354.0,233.0,59287.84,11,0.09032,6.14095,112.231,10.203,Q3_BottomLeft
961,720,720,8183642.0,208.0,39156.18,15,0.12906,2.34856,31.579,2.105,Q2_TopRight
142,720,720,10715143.0,204.0,52268.99,15,0.23116,3.65361,46.807,3.12,Q2_TopRight
793,720,720,14283576.0,213.0,66745.68,11,0.11609,1.8935,47.269,4.297,Q4_BottomRight
789,720,720,8390381.0,250.0,33427.81,1,0.0137,2.55111,40.431,40.431,Q2_TopRight
927,720,720,7930397.0,196.0,40255.82,4,0.06326,1.20494,18.197,4.549,Q3_BottomLeft
42,720,720,12293099.0,242.0,50588.88,22,0.22867,5.94317,66.155,3.007,Q1_TopLeft
836,720,720,13559866.0,241.0,56032.5,0,0.0,,,,NoText
452,720,720,10711427.0,234.0,45580.54,7,0.10132,7.93441,96.291,13.756,Q4_BottomRight
516,720,720,14368743.0,236.0,60627.61,15,0.16064,17.27672,132.478,8.832,Q4_BottomRight
920,720,720,11409144.0,226.0,50260.55,18,0.12563,5.75424,79.286,4.405,Q3_BottomLeft
464,720,720,14875065.0,234.0,63298.15,9,0.24044,2.14752,48.296,5.366,Q1_TopLeft
818,720,720,11939265.0,215.0,55274.38,9,0.22911,2.07507,38.346,4.261,Q3_BottomLeft
898,720,720,9772512.0,232.0,41942.11,0,0.0,,,,NoText
296,720,720,14535746.0,237.0,61074.56,6,0.07221,4.45486,99.972,16.662,Q1_TopLeft
117,720,720,9200433.0,215.0,42594.6,19,0.13543,6.96178,68.361,3.598,Q3_BottomLeft
799,720,720,12985029.0,242.0,53436.33,13,0.10814,3.33563,66.704,5.131,Q4_BottomRight
359,720,720,14670716.0,219.0,66685.07,17,0.25816,2.54292,51.465,3.027,Q3_BottomLeft
790,720,720,12616674.0,243.0,51707.68,1,0.00227,5.1475,124.11,124.11,Q1_TopLeft
854,720,720,11822331.0,229.0,51401.44,5,0.01538,8.45906,173.059,34.612,Q4_BottomRight
167,720,720,14510041.0,232.0,62274.85,6,0.10449,5.96649,109.946,18.324,Q4_BottomRight
732,720,720,13891320.0,224.0,61739.2,7,0.3,17.13263,78.615,11.231,Q4_BottomRight
188,720,720,9440693.0,182.0,51588.49,4,0.17822,1.99832,30.895,7.724,Q2_TopRight
1,720,720,12375915.0,237.0,51999.64,3,0.04778,9.57944,162.202,54.067,Q1_TopLeft
880,720,720,11500094.0,229.0,50000.41,13,0.22484,4.26241,54.546,4.196,Q4_BottomRight
494,720,720,11586482.0,230.0,50157.93,19,0.0446,3.0769,62.94,3.313,Q4_BottomRight
626,720,720,10961200.0,234.0,46643.4,1,0.01254,4.51839,91.501,91.501,Q1_TopLeft
181,720,720,9282642.0,199.0,46413.21,25,0.2887,5.1484,41.949,1.678,Q4_BottomRight
55,720,720,9640829.0,205.0,46800.14,20,0.11025,6.12331,72.772,3.639,Q1_TopLeft
752,720,720,12180677.0,245.0,49514.95,4,0.06923,2.80644,58.612,14.653,Q3_BottomLeft
697,720,720,8782870.0,225.0,38862.26,10,0.25693,4.2623,39.285,3.928,Q3_BottomLeft
682,720,720,10250261.0,222.0,45965.3,19,0.2566,4.098,45.143,2.376,Q2_TopRight
674,720,720,11153665.0,214.0,51877.51,18,0.21709,6.72802,64.523,3.585,Q2_TopRight
895,720,720,12805454.0,236.0,54031.45,0,0.0,,,,NoText
15,720,720,12481502.0,245.0,50737.81,3,0.01466,6.90559,153.018,51.006,Q4_BottomRight
771,720,720,7509722.0,246.0,30403.73,0,0.0,,,,NoText
293,720,720,10975109.0,224.0,48778.26,2,0.01789,6.46979,124.764,62.382,Q1_TopLeft
546,720,720,12612616.0,244.0,51480.07,0,0.0,,,,NoText
307,720,720,11243765.0,212.0,52787.63,6,0.15466,5.9521,73.106,12.184,Q4_BottomRight
649,720,720,13781682.0,228.0,60182.02,18,0.06193,5.16137,109.099,6.061,Q3_BottomLeft
375,720,720,9500646.0,219.0,43184.75,8,0.12459,6.5999,71.247,8.906,Q4_BottomRight
126,720,720,14696534.0,238.0,61491.77,8,0.0875,6.53406,124.805,15.601,Q3_BottomLeft
912,720,720,6308787.0,206.0,30477.23,16,0.12693,1.93474,21.048,1.316,Q2_TopRight
671,720,720,10823534.0,212.0,50814.71,11,0.3225,6.09957,48.155,4.378,Q3_BottomLeft
810,720,720,9806522.0,239.0,40860.51,7,0.07173,1.34077,24.758,3.537,Q3_BottomLeft
132,720,720,14027684.0,212.0,65857.67,11,0.17661,4.23135,72.897,6.627,Q4_BottomRight
337,720,720,10339144.0,226.0,45546.89,7,0.0803,2.32364,41.891,5.984,Q3_BottomLeft
765,720,720,9709354.0,239.0,40455.64,0,0.0,,,,NoText
51,720,720,12595859.0,234.0,53599.4,23,0.17665,5.13357,72.092,3.134,Q3_BottomLeft
130,720,720,9263023.0,189.0,48752.75,22,0.24467,4.82474,44.535,2.024,Q3_BottomLeft
936,720,720,12940268.0,237.0,54370.87,9,0.07304,5.06112,97.434,10.826,Q1_TopLeft
721,720,720,8835160.0,206.0,42681.93,6,0.31872,2.53594,29.016,4.836,Q4_BottomRight
427,720,720,15671067.0,239.0,65296.11,5,0.10808,4.71223,101.661,20.332,Q3_BottomLeft
458,720,720,14346613.0,233.0,61310.31,4,0.134,7.6137,111.708,27.927,Q2_TopRight
781,720,720,14068963.0,247.0,56729.69,2,0.03362,5.61186,131.857,65.929,Q1_TopLeft
93,720,720,8485024.0,218.0,38744.4,29,0.19447,2.69159,33.15,1.143,Q4_BottomRight
100,720,720,9459402.0,221.0,42609.92,24,0.19744,4.39915,48.035,2.001,Q1_TopLeft
392,720,720,12688616.0,185.0,68218.37,5,0.06852,2.67534,58.74,11.748,Q2_TopRight
762,720,720,10217789.0,245.0,41535.73,0,0.0,,,,NoText
259,720,720,10851035.0,231.0,46771.7,0,0.0,,,,NoText
496,720,720,15505208.0,244.0,63286.56,14,0.22252,0.91674,27.937,1.996,Q1_TopLeft
569,720,720,14341604.0,235.0,60769.51,9,0.05486,1.87377,49.467,5.496,Q4_BottomRight
74,720,720,10804391.0,185.0,58088.12,34,0.21914,2.9334,42.943,1.263,Q3_BottomLeft
159,720,720,9319262.0,227.0,40873.96,10,0.21249,5.55864,50.759,5.076,Q1_TopLeft
882,720,720,13719150.0,246.0,55543.12,41,0.15476,2.43958,52.799,1.288,Q3_BottomLeft
460,720,720,12930319.0,202.0,63696.15,18,0.2611,4.27959,57.504,3.195,Q4_BottomRight
615,720,720,7585581.0,186.0,40564.6,11,0.10582,3.5755,41.114,3.738,Q1_TopLeft
606,720,720,8964975.0,236.0,37826.9,12,0.11892,3.06993,42.603,3.55,Q2_TopRight
522,720,720,11755498.0,244.0,47981.62,2,0.00185,6.21988,139.696,69.848,Q3_BottomLeft
149,720,720,9855050.0,217.0,45206.65,10,0.23392,5.99376,52.554,5.255,Q3_BottomLeft
60,720,720,13598680.0,238.0,56898.24,10,0.18346,5.78905,80.836,8.084,Q2_TopRight
755,720,720,8050474.0,221.0,36263.4,0,0.0,,,,NoText
683,720,720,9539037.0,214.0,44367.61,14,0.24237,2.502,33.752,2.411,Q4_BottomRight
301,720,720,10469917.0,211.0,49386.4,9,0.10115,3.74507,59.2,6.578,Q3_BottomLeft
583,720,720,12769784.0,216.0,58846.93,2,0.00955,1.83371,44.813,22.406,Q1_TopLeft
91,720,720,7836183.0,202.0,38601.89,35,0.2414,3.4481,32.761,0.936,Q3_BottomLeft
247,720,720,5379409.0,189.0,28312.68,3,0.02396,6.80478,61.991,20.664,Q2_TopRight
907,720,720,9371439.0,188.0,49584.33,5,0.04568,4.73231,73.088,14.618,Q4_BottomRight
763,720,720,16329912.0,228.0,71309.66,10,0.14516,4.48754,93.849,9.385,Q3_BottomLeft
944,720,720,5907369.0,219.0,26851.68,2,0.0845,2.36011,24.122,12.061,Q3_BottomLeft
285,720,720,6931527.0,239.0,28881.36,4,0.01774,13.72692,149.736,37.434,Q4_BottomRight
491,720,720,14089552.0,241.0,58221.29,2,0.00457,0.84823,23.07,11.535,Q3_BottomLeft
106,720,720,10028433.0,240.0,41611.76,15,0.16327,4.14269,52.964,3.531,Q3_BottomLeft
598,720,720,10158627.0,236.0,42863.41,2,0.0033,3.86752,75.078,37.539,Q1_TopLeft
14,720,720,13460931.0,221.0,60634.82,3,0.10524,5.13217,92.875,30.958,Q1_TopLeft
515,720,720,15361165.0,243.0,62955.59,5,0.07741,4.58883,106.413,21.283,Q2_TopRight
465,720,720,14191592.0,230.0,61435.46,1,0.10734,2.45971,58.215,58.215,Q3_BottomLeft
462,720,720,12956833.0,240.0,53762.79,1,0.07482,2.67101,59.34,59.34,Q1_TopLeft
226,720,720,11989373.0,223.0,53523.99,5,0.0986,4.23958,74.314,14.863,Q3_BottomLeft
613,720,720,9502595.0,197.0,47992.9,1,0.00182,2.47457,45.239,45.239,Q1_TopLeft
260,720,720,16331405.0,219.0,74233.66,11,0.16916,3.59574,78.715,7.156,Q1_TopLeft
635,720,720,11406959.0,222.0,51152.28,4,0.0618,3.01353,58.972,14.743,Q3_BottomLeft
426,720,720,15459896.0,211.0,72924.04,1,0.00304,0.0,0.0,0.0,Q2_TopRight
265,720,720,11731975.0,252.0,46371.44,2,0.01194,6.8861,145.607,72.804,Q3_BottomLeft
419,720,720,11509750.0,195.0,58723.21,1,0.13356,2.01727,39.431,39.431,Q3_BottomLeft
929,720,720,9908401.0,213.0,46300.94,5,0.03859,0.82329,15.844,3.169,Q1_TopLeft
373,720,720,13009674.0,247.0,52458.36,1,0.01012,6.9748,165.058,165.058,Q1_TopLeft
938,720,720,13632385.0,221.0,61407.14,2,0.01457,6.19505,151.448,75.724,Q1_TopLeft
399,720,720,10394748.0,238.0,43492.67,8,0.07258,3.3324,57.146,7.143,Q4_BottomRight
816,720,720,12531552.0,224.0,55695.79,4,0.06122,3.49116,73.226,18.307,Q1_TopLeft
281,720,720,13568843.0,234.0,57739.76,5,0.02804,7.79811,171.433,34.287,Q4_BottomRight
471,720,720,14784631.0,236.0,62382.41,6,0.11432,3.8035,82.147,13.691,Q1_TopLeft
896,720,720,10447372.0,209.0,49749.39,1,0.00299,0.36872,7.445,7.445,Q1_TopLeft
221,720,720,9420447.0,238.0,39416.1,1,0.02987,12.14668,165.596,165.596,Q3_BottomLeft
244,720,720,8983563.0,220.0,40649.61,6,0.03875,7.84183,107.416,17.903,Q3_BottomLeft
741,720,720,16088221.0,230.0,69645.98,19,0.09646,3.67784,90.709,4.774,Q3_BottomLeft
338,720,720,11196603.0,198.0,56264.34,5,0.08727,3.60478,63.437,12.687,Q4_BottomRight
313,720,720,9211535.0,208.0,44074.33,17,0.0576,5.90033,81.765,4.81,Q3_BottomLeft
325,720,720,9919592.0,217.0,45502.72,4,0.01337,6.71005,119.29,29.823,Q4_BottomRight
504,720,720,14112443.0,233.0,60309.59,7,0.02255,4.97752,124.35,17.764,Q1_TopLeft
901,720,720,12443870.0,216.0,57345.02,0,0.0,,,,NoText
886,720,720,7972945.0,206.0,38516.64,15,0.22053,3.69345,35.637,2.376,Q2_TopRight
389,720,720,10101833.0,239.0,42090.97,2,0.03319,14.09127,191.419,95.71,Q1_TopLeft
45,720,720,12772856.0,210.0,60534.86,25,0.21503,2.82939,50.032,2.001,Q3_BottomLeft
559,720,720,10077858.0,214.0,46873.76,5,0.01165,5.29544,98.039,19.608,Q1_TopLeft
892,720,720,8698195.0,225.0,38487.59,9,0.15106,2.71863,36.214,4.024,Q3_BottomLeft
368,720,720,12600873.0,227.0,55266.99,15,0.11263,3.89608,71.41,4.761,Q4_BottomRight
530,720,720,10439684.0,199.0,52198.42,0,0.0,,,,NoText
826,720,720,12431748.0,227.0,54525.21,2,0.00185,0.0,0.0,0.0,Q3_BottomLeft
499,720,720,14166572.0,238.0,59274.36,1,0.0666,4.64967,102.218,102.218,Q2_TopRight
246,720,720,8761762.0,225.0,38768.86,7,0.03165,7.74791,107.906,15.415,Q1_TopLeft
492,720,720,10836364.0,181.0,59540.46,5,0.25193,1.95304,32.921,6.584,Q3_BottomLeft
156,720,720,12725015.0,208.0,60885.24,16,0.25074,6.11568,65.764,4.11,Q2_TopRight
948,720,720,9086807.0,171.0,52830.27,8,0.10561,2.37847,36.393,4.549,Q4_BottomRight
202,720,720,11982136.0,224.0,53253.94,5,0.00269,2.53293,58.305,11.661,Q3_BottomLeft
183,720,720,12333986.0,197.0,62292.86,1,0.08194,3.01577,61.581,61.581,Q2_TopRight
824,720,720,13874413.0,186.0,74194.72,14,0.33838,3.49049,50.696,3.621,Q1_TopLeft
605,720,720,7285611.0,220.0,32966.57,2,0.00621,14.53754,188.467,94.234,Q1_TopLeft
474,720,720,17992156.0,230.0,77888.12,7,0.12838,3.33098,88.981,12.712,Q1_TopLeft
255,720,720,9721667.0,244.0,39680.27,8,0.18707,5.55649,56.253,7.032,Q1_TopLeft
224,720,720,14344257.0,244.0,58547.99,10,0.23875,8.31044,83.76,8.376,Q1_TopLeft
538,720,720,9471457.0,219.0,43052.08,1,0.00489,0.41122,7.535,7.535,Q4_BottomRight
113,720,720,9421516.0,189.0,49586.93,19,0.17008,3.87565,47.302,2.49,Q4_BottomRight
193,720,720,7078388.0,238.0,29616.69,6,0.01115,7.77981,98.762,16.46,Q3_BottomLeft
253,720,720,9290875.0,238.0,38873.95,2,0.0435,10.98633,137.269,68.634,Q1_TopLeft
718,720,720,7042692.0,196.0,35749.71,31,0.25837,3.92784,30.38,0.98,Q1_TopLeft
709,720,720,13587288.0,213.0,63492.0,8,0.21015,7.29185,82.3,10.287,Q3_BottomLeft
379,720,720,13975847.0,222.0,62671.96,1,0.00894,5.87203,151.7,151.7,Q1_TopLeft
925,720,720,8928176.0,205.0,43340.66,1,0.00559,0.47315,8.173,8.173,Q1_TopLeft
11,720,720,11603283.0,234.0,49375.67,1,0.03038,3.1445,66.078,66.078,Q3_BottomLeft
417,720,720,15313518.0,234.0,65163.91,4,0.18653,1.49921,40.514,10.128,Q4_BottomRight
96,720,720,14602015.0,235.0,61872.94,9,0.1275,4.02095,81.766,9.085,Q4_BottomRight
275,720,720,8476872.0,234.0,36071.8,1,0.01528,10.93103,155.194,155.194,Q4_BottomRight
648,720,720,11652316.0,208.0,55752.71,12,0.15384,3.36149,55.423,4.619,Q4_BottomRight
828,720,720,13610981.0,191.0,70890.53,14,0.3087,4.60314,57.217,4.087,Q2_TopRight
280,720,720,12938566.0,237.0,54363.72,6,0.02331,6.51604,144.103,24.017,Q4_BottomRight
339,720,720,8995819.0,230.0,38942.94,9,0.10049,2.86694,41.891,4.655,Q3_BottomLeft
795,720,720,12669144.0,253.0,49878.52,0,0.0,,,,NoText
390,720,720,7984603.0,214.0,37137.69,7,0.02431,1.5425,23.449,3.35,Q4_BottomRight
3,720,720,13986573.0,237.0,58767.11,3,0.05065,6.48871,136.985,45.662,Q3_BottomLeft
780,720,720,10165149.0,228.0,44389.3,6,0.0904,0.58499,11.918,1.986,Q2_TopRight
472,720,720,12108611.0,243.0,49625.45,1,0.23253,2.58782,44.146,44.146,Q4_BottomRight
830,720,720,14523864.0,220.0,65718.84,9,0.13861,5.55002,95.355,10.595,Q2_TopRight
689,720,720,7821423.0,176.0,44188.83,23,0.28875,1.67692,21.164,0.92,Q2_TopRight
539,720,720,12429790.0,251.0,49324.56,2,0.03013,5.92948,123.787,61.893,Q4_BottomRight
473,720,720,12846887.0,219.0,58394.94,7,0.16341,6.64678,85.669,12.238,Q4_BottomRight
295,720,720,12768591.0,229.0,55515.61,2,0.00308,4.50935,109.881,54.941,Q1_TopLeft
868,720,720,12452635.0,226.0,54857.42,2,0.06734,5.79568,105.235,52.618,Q3_BottomLeft
900,720,720,8569335.0,226.0,37750.37,11,0.0534,5.48591,73.159,6.651,Q3_BottomLeft
955,720,720,12762880.0,238.0,53401.17,0,0.0,,,,NoText
135,720,720,9981100.0,184.0,53951.89,10,0.03814,6.19046,99.493,9.949,Q4_BottomRight
558,720,720,13429976.0,213.0,62756.9,1,0.02644,2.02719,51.129,51.129,Q2_TopRight
801,720,720,11234149.0,222.0,50377.35,7,0.07173,3.86007,69.411,9.916,Q3_BottomLeft
205,720,720,14609384.0,233.0,62433.26,3,0.0466,6.66811,148.654,49.551,Q1_TopLeft
630,720,720,7854879.0,216.0,36197.6,5,0.0558,12.12185,113.336,22.667,Q4_BottomRight
739,720,720,10723770.0,190.0,56145.39,20,0.25554,2.50019,37.387,1.869,Q2_TopRight
116,720,720,13512707.0,232.0,57994.45,17,0.15746,3.77338,68.461,4.027,Q4_BottomRight
542,720,720,12835090.0,238.0,53703.31,2,0.00092,0.0,0.0,0.0,Q2_TopRight
178,720,720,6546056.0,175.0,37193.5,23,0.31168,5.86663,29.434,1.28,Q4_BottomRight
168,720,720,11464598.0,228.0,50063.75,13,0.16056,5.32281,69.487,5.345,Q1_TopLeft
456,720,720,15310117.0,230.0,66277.56,7,0.16344,4.40992,83.631,11.947,Q4_BottomRight
581,720,720,11876472.0,230.0,51413.3,7,0.0292,8.41879,158.531,22.647,Q3_BottomLeft
299,720,720,13735284.0,246.0,55608.44,0,0.0,,,,NoText
744,720,720,10462993.0,250.0,41685.23,3,0.03109,7.90729,131.381,43.794,Q1_TopLeft
401,720,720,15626672.0,228.0,68238.74,4,0.04645,1.53032,45.021,11.255,Q1_TopLeft
412,720,720,17583350.0,229.0,76449.35,8,0.22784,3.86742,79.342,9.918,Q4_BottomRight
248,720,720,8169480.0,238.0,34181.92,6,0.05255,11.54376,117.059,19.51,Q3_BottomLeft
693,720,720,11539403.0,203.0,56565.7,5,0.35504,2.24042,34.623,6.925,Q3_BottomLeft
279,720,720,11759398.0,229.0,51127.82,15,0.10267,3.77236,66.612,4.441,Q4_BottomRight
840,720,720,7952834.0,213.0,37162.78,3,0.0044,0.30985,4.768,1.589,Q3_BottomLeft
30,720,720,10902851.0,232.0,46793.35,7,0.09982,5.22113,77.257,11.037,Q4_BottomRight
803,720,720,11913906.0,219.0,54154.12,2,0.01126,5.36294,117.48,58.74,Q3_BottomLeft
512,720,720,13931744.0,208.0,66659.06,12,0.16994,3.59857,67.085,5.59,Q3_BottomLeft
698,720,720,13433127.0,228.0,58659.94,13,0.34215,8.37407,61.593,4.738,Q1_TopLeft
536,720,720,13903222.0,224.0,61792.1,10,0.09433,6.52158,115.005,11.5,Q1_TopLeft
794,720,720,15030433.0,225.0,66506.34,15,0.09042,4.35041,96.808,6.454,Q4_BottomRight
451,720,720,14432812.0,221.0,65012.67,11,0.13882,3.97,78.262,7.115,Q4_BottomRight
220,720,720,8841201.0,198.0,44428.15,2,0.07313,10.01147,102.919,51.46,Q4_BottomRight
83,720,720,8889010.0,215.0,41152.82,17,0.2445,4.93727,43.135,2.537,Q3_BottomLeft
500,720,720,13261170.0,234.0,56430.51,4,0.12387,4.88225,84.336,21.084,Q2_TopRight
855,720,720,12036383.0,219.0,54710.83,17,0.21633,2.38173,42.574,2.504,Q4_BottomRight
445,720,720,13776269.0,231.0,59380.47,10,0.27091,2.93948,51.209,5.121,Q4_BottomRight
363,720,720,14261257.0,215.0,66024.34,15,0.13003,4.79653,88.342,5.889,Q4_BottomRight
563,720,720,10685377.0,213.0,49931.67,2,0.07894,5.56802,84.352,42.176,Q3_BottomLeft
599,720,720,9363854.0,243.0,38376.45,2,0.01399,6.99186,116.526,58.263,Q1_TopLeft
310,720,720,13826278.0,210.0,65527.38,14,0.06233,5.45461,113.865,8.133,Q4_BottomRight
575,720,720,12256021.0,219.0,55709.19,4,0.02663,1.32337,31.02,7.755,Q1_TopLeft
829,720,720,8104752.0,163.0,49419.22,28,0.19419,3.60216,37.412,1.336,Q4_BottomRight
909,720,720,11082781.0,242.0,45608.15,4,0.0113,8.7569,172.125,43.031,Q3_BottomLeft
170,720,720,11794244.0,215.0,54602.98,21,0.30406,4.99954,51.327,2.444,Q3_BottomLeft
323,720,720,9006300.0,239.0,37526.25,5,0.08436,10.86915,103.043,20.609,Q4_BottomRight
297,720,720,9073631.0,237.0,38124.5,4,0.04704,8.32249,108.349,27.087,Q1_TopLeft
513,720,720,16414419.0,230.0,71058.09,13,0.1462,9.13228,132.101,10.162,Q3_BottomLeft
410,720,720,14203841.0,220.0,64270.77,13,0.1342,4.41357,82.936,6.38,Q4_BottomRight
906,720,720,13149635.0,241.0,54337.33,0,0.0,,,,NoText
32,720,720,11941464.0,238.0,49964.28,3,0.06579,10.5068,148.898,49.633,Q3_BottomLeft
316,720,720,12187976.0,221.0,54900.79,12,0.12852,3.46986,61.923,5.16,Q3_BottomLeft
477,720,720,12986165.0,225.0,57460.91,6,0.25097,3.60989,54.64,9.107,Q4_BottomRight
196,720,720,10121956.0,217.0,46430.99,25,0.24683,3.75901,43.662,1.746,Q4_BottomRight
666,720,720,9755399.0,173.0,56065.51,13,0.19293,2.86179,39.622,3.048,Q2_TopRight
105,720,720,6524660.0,186.0,34891.23,20,0.19881,4.51511,33.451,1.673,Q3_BottomLeft
192,720,720,14603535.0,226.0,64332.75,8,0.11358,4.30837,88.219,11.027,Q2_TopRight
861,720,720,11536789.0,209.0,54937.09,6,0.16565,6.73666,76.872,12.812,Q3_BottomLeft
276,720,720,12044386.0,223.0,53769.58,12,0.09094,6.86148,103.988,8.666,Q4_BottomRight
852,720,720,11520762.0,198.0,57893.28,13,0.06347,5.4586,94.553,7.273,Q4_BottomRight
518,720,720,15432250.0,244.0,62988.78,6,0.07101,4.98432,115.656,19.276,Q1_TopLeft
5,720,720,12496959.0,209.0,59509.33,0,0.0,,,,NoText
937,720,720,11814977.0,205.0,57354.26,3,0.07138,4.14576,77.161,25.72,Q1_TopLeft
776,720,720,10302154.0,250.0,41044.44,2,0.01009,11.1641,201.227,100.614,Q3_BottomLeft
647,720,720,11935834.0,217.0,54751.53,8,0.04281,4.30181,86.78,10.848,Q1_TopLeft
110,720,720,11919355.0,236.0,50292.64,16,0.12645,5.60291,81.43,5.089,Q4_BottomRight
76,720,720,7208089.0,201.0,35683.61,23,0.19701,2.9538,29.656,1.289,Q2_TopRight
403,720,720,10534019.0,216.0,48543.87,15,0.08072,5.63223,83.301,5.553,Q4_BottomRight
609,720,720,11017805.0,239.0,45907.52,5,0.0102,6.16372,124.446,24.889,Q2_TopRight
702,720,720,18238578.0,211.0,86031.03,8,0.30739,4.75367,77.65,9.706,Q1_TopLeft
488,720,720,9419781.0,244.0,38448.09,1,0.00381,5.7446,102.531,102.531,Q4_BottomRight
483,720,720,15961335.0,228.0,69700.15,11,0.2208,4.74682,79.983,7.271,Q4_BottomRight
915,720,720,13440577.0,204.0,65563.79,3,0.03025,4.47979,105.086,35.029,Q4_BottomRight
185,720,720,9733961.0,238.0,40727.87,0,0.0,,,,NoText
552,720,720,13640528.0,206.0,65896.27,1,0.03665,4.39442,102.836,102.836,Q2_TopRight
311,720,720,11589620.0,234.0,49317.53,6,0.06727,8.85599,129.534,21.589,Q4_BottomRight
459,720,720,14994716.0,230.0,64912.19,6,0.2159,1.77677,44.012,7.335,Q2_TopRight
876,720,720,10459238.0,213.0,48874.94,34,0.19566,2.11052,34.981,1.029,Q3_BottomLeft
943,720,720,4822920.0,193.0,24860.41,7,0.10186,3.28961,24.817,3.545,Q4_BottomRight
222,720,720,5909115.0,189.0,31100.61,11,0.16378,4.1143,31.057,2.823,Q4_BottomRight
877,720,720,12474824.0,241.0,51548.86,17,0.18589,4.11168,62.685,3.687,Q4_BottomRight
540,720,720,10271525.0,232.0,44083.8,5,0.0392,6.95564,111.733,22.347,Q2_TopRight
336,720,720,12207782.0,200.0,60735.23,10,0.12854,2.06808,42.822,4.282,Q3_BottomLeft
716,720,720,10756402.0,204.0,52470.25,12,0.14453,5.73827,70.669,5.889,Q3_BottomLeft
565,720,720,10132461.0,222.0,45437.04,11,0.07349,7.35194,97.967,8.906,Q3_BottomLeft
733,720,720,10315158.0,212.0,48427.97,9,0.22843,7.44499,59.922,6.658,Q4_BottomRight
199,720,720,8554636.0,230.0,37033.06,15,0.36511,3.94709,31.375,2.092,Q3_BottomLeft
672,720,720,11270520.0,223.0,50314.82,15,0.16387,2.6844,45.737,3.049,Q3_BottomLeft
894,720,720,12139880.0,202.0,59802.36,2,0.00918,3.05512,70.22,35.11,Q4_BottomRight
577,720,720,13489709.0,216.0,62164.56,5,0.17813,2.13005,46.14,9.228,Q3_BottomLeft
444,720,720,12146358.0,241.0,50191.56,5,0.06625,4.67781,88.13,17.626,Q3_BottomLeft
470,720,720,11039999.0,237.0,46386.55,2,0.06042,6.33245,101.996,50.998,Q3_BottomLeft
54,720,720,10791301.0,228.0,47123.59,29,0.17029,5.18228,63.005,2.173,Q3_BottomLeft
146,720,720,11002161.0,205.0,53408.55,6,0.14709,5.50235,70.253,11.709,Q3_BottomLeft
487,720,720,15403891.0,234.0,65548.47,6,0.10569,4.71343,100.581,16.764,Q3_BottomLeft
570,720,720,11145282.0,220.0,50431.14,1,0.03489,2.92385,58.907,58.907,Q4_BottomRight
844,720,720,12916082.0,183.0,70196.1,20,0.26238,3.14544,50.143,2.507,Q4_BottomRight
706,720,720,11308422.0,184.0,61126.61,16,0.35703,4.10726,42.475,2.655,Q4_BottomRight
766,720,720,8901860.0,185.0,47859.46,17,0.59154,7.48438,26.577,1.563,Q3_BottomLeft
485,720,720,14885494.0,239.0,62022.89,2,0.01066,4.37642,121.3,60.65,Q2_TopRight
320,720,720,13167003.0,227.0,57750.01,10,0.14594,4.92573,79.54,7.954,Q3_BottomLeft
746,720,720,15196519.0,245.0,61774.47,10,0.05975,3.64789,92.328,9.233,Q4_BottomRight
286,720,720,8827643.0,240.0,36629.22,2,0.01595,12.36702,178.272,89.136,Q3_BottomLeft
344,720,720,11659950.0,236.0,49198.1,7,0.08396,5.30601,87.654,12.522,Q4_BottomRight
27,720,720,11670113.0,223.0,52098.72,5,0.07195,4.47803,80.631,16.126,Q4_BottomRight
622,720,720,8860210.0,233.0,37864.15,6,0.04684,4.53951,66.553,11.092,Q3_BottomLeft
475,720,720,13464575.0,234.0,57296.06,5,0.09995,3.63737,74.766,14.953,Q2_TopRight
195,720,720,10416958.0,207.0,50081.53,10,0.16114,3.34361,48.77,4.877,Q1_TopLeft
701,720,720,11667360.0,210.0,55295.55,7,0.2541,5.5844,58.056,8.294,Q1_TopLeft
374,720,720,12713918.0,205.0,61718.05,6,0.07836,4.76278,90.21,15.035,Q4_BottomRight
838,720,720,14355037.0,213.0,67079.61,9,0.14339,3.39485,69.977,7.775,Q4_BottomRight
917,720,720,6513910.0,194.0,33404.67,5,0.07855,0.95736,12.07,2.414,Q3_BottomLeft
10,720,720,12052315.0,223.0,53804.98,8,0.11232,6.72141,95.132,11.891,Q3_BottomLeft
642,720,720,7877550.0,214.0,36639.77,4,0.00858,4.61554,68.027,17.007,Q2_TopRight
568,720,720,11274179.0,247.0,45460.4,2,0.0196,4.61692,93.762,46.881,Q4_BottomRight
59,720,720,12080094.0,222.0,54170.83,15,0.1401,4.04668,66.089,4.406,Q4_BottomRight
519,720,720,15027712.0,234.0,63947.71,0,0.0,,,,NoText
367,720,720,12391168.0,217.0,56840.22,8,0.10785,4.92375,82.696,10.337,Q1_TopLeft
897,720,720,8895490.0,231.0,38342.63,3,0.01754,9.74341,144.961,48.32,Q4_BottomRight
686,720,720,8117551.0,212.0,38110.57,25,0.22265,3.03589,32.711,1.308,Q1_TopLeft
520,720,720,12327091.0,218.0,56288.09,0,0.0,,,,NoText
612,720,720,8544832.0,234.0,36360.99,3,0.01648,7.23582,108.154,36.051,Q2_TopRight
191,720,720,8782041.0,235.0,37212.04,25,0.23193,5.82242,46.56,1.862,Q3_BottomLeft
673,720,720,11492593.0,199.0,57462.96,15,0.20337,2.90473,46.416,3.094,Q4_BottomRight
835,720,720,13476821.0,245.0,54783.83,3,0.01207,5.8017,142.564,47.521,Q4_BottomRight
345,720,720,12807598.0,225.0,56670.79,8,0.10504,4.87652,85.617,10.702,Q3_BottomLeft
584,720,720,12974508.0,205.0,62983.05,19,0.21084,2.62069,48.886,2.573,Q1_TopLeft
526,720,720,10024626.0,245.0,40750.51,5,0.10021,7.47377,87.658,17.532,Q4_BottomRight
814,720,720,10015865.0,191.0,52165.96,6,0.09679,2.53647,42.662,7.11,Q3_BottomLeft
4,720,720,13929670.0,221.0,62746.26,8,0.07373,4.75837,100.117,12.515,Q1_TopLeft
267,720,720,11341863.0,223.0,50633.32,5,0.04965,3.42485,66.879,13.376,Q3_BottomLeft
204,720,720,8105395.0,204.0,39538.51,21,0.21417,3.54287,35.863,1.708,Q4_BottomRight
543,720,720,12028508.0,218.0,54924.69,4,0.09914,5.57892,89.032,22.258,Q2_TopRight
75,720,720,11055967.0,222.0,49578.33,12,0.07403,8.85456,119.409,9.951,Q1_TopLeft
650,720,720,6711815.0,196.0,34070.13,0,0.0,,,,NoText
624,720,720,9015043.0,217.0,41353.41,2,0.00186,0.0,0.0,0.0,Q4_BottomRight
225,720,720,8724707.0,238.0,36505.05,0,0.0,,,,NoText
665,720,720,11251580.0,201.0,55700.89,15,0.23151,3.13164,45.511,3.034,Q2_TopRight
589,720,720,11260472.0,218.0,51417.68,6,0.0736,5.58732,90.732,15.122,Q3_BottomLeft
268,720,720,10981429.0,211.0,51799.19,7,0.04612,4.97189,89.015,12.716,Q3_BottomLeft
213,720,720,7521876.0,229.0,32703.81,7,0.15403,2.22079,27.123,3.875,Q4_BottomRight
964,720,720,11006969.0,238.0,46054.26,3,0.01019,4.46636,91.597,30.532,Q1_TopLeft
757,720,720,13686683.0,241.0,56556.54,1,0.01519,4.51526,113.168,113.168,Q1_TopLeft
251,720,720,9360854.0,206.0,45221.52,14,0.19884,4.2115,46.411,3.315,Q2_TopRight
78,720,720,3462914.0,160.0,21508.78,42,0.24759,2.53977,12.283,0.292,Q3_BottomLeft
102,720,720,9649901.0,207.0,46393.75,20,0.14657,2.70977,40.334,2.017,Q4_BottomRight
171,720,720,11419968.0,218.0,52145.97,16,0.30547,4.26983,47.058,2.941,Q2_TopRight
420,720,720,14019682.0,222.0,62868.53,9,0.11209,2.57239,59.144,6.572,Q4_BottomRight
493,720,720,12093136.0,242.0,49765.99,4,0.01546,5.12861,112.461,28.115,Q3_BottomLeft
503,720,720,9815372.0,242.0,40392.48,1,0.00067,4.87669,92.096,92.096,Q1_TopLeft
847,720,720,11558505.0,204.0,56382.95,10,0.12115,2.10396,41.377,4.138,Q2_TopRight
888,720,720,12009029.0,215.0,55597.36,16,0.32601,3.99156,46.812,2.926,Q2_TopRight
748,720,720,12521633.0,247.0,50490.46,9,0.09535,5.56311,93.634,10.404,Q3_BottomLeft
596,720,720,11627022.0,247.0,46883.15,4,0.04177,5.33707,101.344,25.336,Q1_TopLeft
212,720,720,10598151.0,247.0,42734.48,7,0.05778,10.11783,135.476,19.354,Q3_BottomLeft
678,720,720,10306666.0,227.0,45204.68,24,0.2649,3.44537,41.571,1.732,Q1_TopLeft
129,720,720,8975714.0,208.0,42946.0,23,0.15164,3.78048,46.043,2.002,Q4_BottomRight
870,720,720,11535819.0,200.0,57392.13,11,0.21303,5.90781,64.27,5.843,Q3_BottomLeft
775,720,720,13632646.0,242.0,56101.42,6,0.09113,5.4009,101.374,16.896,Q3_BottomLeft
441,720,720,10289772.0,237.0,43234.34,12,0.02894,3.51112,64.971,5.414,Q2_TopRight
446,720,720,14481448.0,240.0,60089.0,5,0.12319,6.56666,108.817,21.763,Q2_TopRight
736,720,720,11657839.0,232.0,50033.64,2,0.10067,2.20588,44.236,22.118,Q2_TopRight
235,720,720,12633138.0,214.0,58758.78,4,0.13553,5.98122,87.015,21.754,Q4_BottomRight
321,720,720,9648240.0,204.0,47064.59,7,0.09302,3.80595,56.173,8.025,Q3_BottomLeft
197,720,720,10635883.0,222.0,47694.54,14,0.16855,5.07428,61.722,4.409,Q3_BottomLeft
486,720,720,14467686.0,230.0,62630.68,10,0.28752,3.50091,56.836,5.684,Q4_BottomRight
784,720,720,10189503.0,233.0,43544.88,27,0.32222,0.55231,12.686,0.47,Q2_TopRight
777,720,720,10378192.0,220.0,46960.14,6,0.10005,2.6451,45.47,7.578,Q1_TopLeft
951,720,720,8670641.0,216.0,39956.87,20,0.0857,4.02877,53.498,2.675,Q3_BottomLeft
179,720,720,6881174.0,202.0,33897.41,8,0.11138,6.1571,51.911,6.489,Q1_TopLeft
921,720,720,9197188.0,209.0,43796.13,3,0.06799,0.87424,15.644,5.215,Q2_TopRight
681,720,720,6451280.0,186.0,34498.82,5,0.04245,4.32307,47.148,9.43,Q2_TopRight
534,720,720,16173819.0,238.0,67672.88,2,0.04306,3.93967,109.105,54.552,Q1_TopLeft
378,720,720,13763235.0,235.0,58318.79,5,0.04854,5.43041,118.657,23.731,Q4_BottomRight
866,720,720,14441368.0,233.0,61715.25,9,0.17235,5.08892,83.16,9.24,Q1_TopLeft
860,720,720,14091116.0,221.0,63473.5,3,0.08746,4.60701,95.196,31.732,Q2_TopRight
200,720,720,6486239.0,209.0,30886.85,14,0.22089,4.65404,32.223,2.302,Q2_TopRight
525,720,720,14776075.0,225.0,65380.86,6,0.00967,4.83682,132.933,22.155,Q4_BottomRight
864,720,720,13597481.0,221.0,61249.91,2,0.01471,5.82023,142.555,71.277,Q4_BottomRight
521,720,720,14724396.0,237.0,61867.21,7,0.20182,2.23809,50.861,7.266,Q3_BottomLeft
607,720,720,11224231.0,220.0,50788.38,9,0.13748,3.96507,60.989,6.777,Q3_BottomLeft
330,720,720,11441864.0,224.0,50852.73,2,0.01676,0.00659,0.148,0.074,Q1_TopLeft
365,720,720,10320958.0,207.0,49619.99,6,0.11102,6.83705,82.596,13.766,Q3_BottomLeft
947,720,720,11100350.0,202.0,54681.53,0,0.0,,,,NoText
398,720,720,15033632.0,243.0,61613.25,4,0.03526,6.17241,151.39,37.847,Q1_TopLeft
875,720,720,17369349.0,213.0,81165.18,10,0.11032,4.10035,102.371,10.237,Q3_BottomLeft
717,720,720,9190335.0,203.0,45050.66,28,0.22193,3.20418,38.145,1.362,Q1_TopLeft
347,720,720,17587127.0,242.0,72375.01,4,0.05736,6.17798,161.597,40.399,Q1_TopLeft
425,720,720,13319320.0,235.0,56437.8,9,0.21932,3.39017,57.147,6.35,Q4_BottomRight
469,720,720,13221510.0,235.0,56023.35,5,0.1927,6.01769,78.03,15.606,Q3_BottomLeft
972,720,720,9178039.0,219.0,41718.36,11,0.09413,6.73974,77.469,7.043,Q4_BottomRight
918,720,720,11561357.0,228.0,50486.28,0,0.0,,,,NoText
407,720,720,12868814.0,228.0,56195.69,11,0.24273,1.88383,38.504,3.5,Q1_TopLeft
839,720,720,10675764.0,239.0,44482.35,12,0.22019,3.17616,44.22,3.685,Q2_TopRight
99,720,720,10156195.0,207.0,48827.86,23,0.1879,1.84834,31.233,1.358,Q4_BottomRight
264,720,720,8792449.0,210.0,41670.37,2,0.06588,3.31964,48.84,24.42,Q4_BottomRight
312,720,720,11269197.0,228.0,49210.47,5,0.04913,3.06411,60.476,12.095,Q4_BottomRight
633,720,720,10399313.0,200.0,51737.88,5,0.10733,3.87236,59.376,11.875,Q4_BottomRight
962,720,720,10685969.0,237.0,44899.03,3,0.05251,6.30618,101.665,33.888,Q2_TopRight
480,720,720,17858340.0,236.0,75351.65,3,0.11346,4.3088,107.919,35.973,Q3_BottomLeft
250,720,720,12065240.0,215.0,55857.59,2,0.05495,1.79093,39.946,19.973,Q3_BottomLeft
317,720,720,11647714.0,227.0,51086.46,5,0.03241,6.37394,121.97,24.394,Q4_BottomRight
573,720,720,11734692.0,202.0,57806.36,7,0.02371,3.11434,67.132,9.59,Q3_BottomLeft
19,720,720,10436688.0,245.0,42425.56,1,0.00046,4.43102,89.067,89.067,Q4_BottomRight
158,720,720,11240586.0,224.0,49958.16,24,0.30485,3.62736,43.673,1.82,Q4_BottomRight
385,720,720,13265365.0,237.0,55736.83,1,0.02455,4.90441,114.522,114.522,Q1_TopLeft
228,720,720,6929987.0,244.0,28285.66,2,0.01597,14.9488,163.43,81.715,Q1_TopLeft
180,720,720,8216232.0,199.0,41081.16,14,0.24907,2.76744,30.455,2.175,Q2_TopRight
532,720,720,11894782.0,224.0,52865.7,10,0.1766,1.31808,28.635,2.863,Q2_TopRight
865,720,720,9756657.0,243.0,39986.3,7,0.0159,4.66911,83.032,11.862,Q4_BottomRight
940,720,720,8695778.0,198.0,43697.38,0,0.0,,,,NoText
761,720,720,12654472.0,244.0,51650.91,8,0.02086,4.57562,103.941,12.993,Q2_TopRight
660,720,720,11891363.0,227.0,52155.1,5,0.25567,4.21412,53.062,10.612,Q1_TopLeft
66,720,720,13688790.0,229.0,59516.48,12,0.13448,7.80273,107.601,8.967,Q1_TopLeft
544,720,720,12918578.0,244.0,52728.89,1,0.01909,5.4867,125.942,125.942,Q1_TopLeft
768,720,720,11084904.0,240.0,45995.45,8,0.08858,2.91659,53.314,6.664,Q4_BottomRight
358,720,720,15284697.0,227.0,67038.14,8,0.10785,3.58548,82.665,10.333,Q1_TopLeft
813,720,720,14202222.0,198.0,71367.95,6,0.08554,2.7109,64.787,10.798,Q3_BottomLeft
791,720,720,10038224.0,223.0,44813.5,3,0.01019,0.89978,17.441,5.814,Q4_BottomRight
234,720,720,10970526.0,249.0,43882.1,8,0.07721,17.46222,162.718,20.34,Q4_BottomRight
163,720,720,11225495.0,222.0,50338.54,1,0.08458,7.48093,104.636,104.636,Q2_TopRight
65,720,720,10188101.0,225.0,45080.09,12,0.17103,3.23541,45.999,3.833,Q4_BottomRight
688,720,720,8538740.0,192.0,44242.18,15,0.26001,3.1909,33.484,2.232,Q4_BottomRight
273,720,720,13752180.0,211.0,64868.77,2,0.03076,3.2294,80.172,40.086,Q3_BottomLeft
356,720,720,11961351.0,239.0,49838.96,5,0.07244,4.74963,86.182,17.236,Q1_TopLeft
770,720,720,13276763.0,244.0,54190.87,5,0.05995,9.13541,157.266,31.453,Q4_BottomRight
845,720,720,14611475.0,218.0,66719.06,8,0.13491,3.83181,78.147,9.768,Q2_TopRight
590,720,720,8082619.0,223.0,36083.12,3,0.00425,4.6429,71.286,23.762,Q2_TopRight
822,720,720,17814109.0,216.0,82092.67,8,0.33989,2.7089,58.885,7.361,Q3_BottomLeft
342,720,720,12883910.0,228.0,56261.62,4,0.0486,5.35824,109.893,27.473,Q1_TopLeft
819,720,720,13743598.0,238.0,57504.59,10,0.14727,2.09334,47.801,4.78,Q3_BottomLeft
939,720,720,11216813.0,220.0,50754.81,5,0.03851,6.80571,120.35,24.07,Q3_BottomLeft
723,720,720,10062228.0,216.0,46369.71,53,0.48685,1.80936,25.193,0.475,Q4_BottomRight
579,720,720,9513757.0,198.0,47807.82,6,0.01363,1.34778,24.618,4.103,Q4_BottomRight
73,720,720,13165651.0,220.0,59573.08,26,0.21257,3.06548,54.1,2.081,Q3_BottomLeft
122,720,720,6808404.0,165.0,41014.48,8,0.25366,2.51557,23.864,2.983,Q3_BottomLeft
952,720,720,11995923.0,223.0,53553.23,4,0.01491,4.52246,99.429,24.857,Q2_TopRight
738,720,720,13379644.0,223.0,59730.55,12,0.14968,2.52872,53.112,4.426,Q2_TopRight
238,720,720,6486155.0,248.0,26048.82,4,0.01803,16.88685,164.241,41.06,Q1_TopLeft
391,720,720,11872708.0,211.0,56003.34,9,0.09108,4.01945,72.2,8.022,Q3_BottomLeft
967,720,720,13488768.0,228.0,58902.92,1,0.00253,0.0,0.0,0.0,Q1_TopLeft
428,720,720,15539537.0,239.0,64748.07,3,0.12006,1.69246,46.839,15.613,Q2_TopRight
219,720,720,7743266.0,187.0,41187.59,0,0.0,,,,NoText
305,720,720,10101210.0,233.0,43167.56,2,0.0119,9.67535,170.886,85.443,Q3_BottomLeft
284,720,720,9702927.0,235.0,41114.1,3,0.0144,7.10888,122.299,40.766,Q4_BottomRight
283,720,720,11538071.0,229.0,50165.53,2,0.0177,3.92769,83.112,41.556,Q4_BottomRight
128,720,720,11350361.0,206.0,54832.66,30,0.17992,3.51721,53.004,1.767,Q4_BottomRight
175,720,720,8315439.0,217.0,38144.22,9,0.08667,8.08586,80.354,8.928,Q1_TopLeft
49,720,720,11243718.0,221.0,50647.38,15,0.04738,5.85127,103.191,6.879,Q4_BottomRight
632,720,720,10798606.0,207.0,51916.38,8,0.14311,7.34625,80.194,10.024,Q3_BottomLeft
77,720,720,11292304.0,195.0,57613.8,21,0.12892,4.87236,70.793,3.371,Q2_TopRight
834,720,720,10167709.0,216.0,46855.8,15,0.20709,3.52591,45.405,3.027,Q2_TopRight
157,720,720,13285135.0,226.0,58524.82,3,0.0254,5.61976,128.894,42.965,Q1_TopLeft
857,720,720,12041231.0,249.0,48164.92,1,0.01673,7.71739,161.147,161.147,Q3_BottomLeft
121,720,720,10868151.0,183.0,59066.04,20,0.16984,4.64068,60.118,3.006,Q4_BottomRight
670,720,720,12142179.0,216.0,55954.74,14,0.18006,4.89758,67.407,4.815,Q1_TopLeft
823,720,720,10632558.0,250.0,42360.79,2,0.02716,2.30145,45.592,22.796,Q4_BottomRight
853,720,720,10167423.0,212.0,47734.38,4,0.02696,4.44912,79.837,19.959,Q1_TopLeft
215,720,720,14958287.0,234.0,63652.29,7,0.1128,12.15823,155.324,22.189,Q2_TopRight
346,720,720,10915082.0,232.0,46845.85,6,0.06001,6.55387,103.499,17.25,Q3_BottomLeft
808,720,720,12943250.0,198.0,65041.46,8,0.14315,3.07696,59.218,7.402,Q3_BottomLeft
949,720,720,9062328.0,238.0,37917.69,2,0.01061,12.84314,199.453,99.726,Q2_TopRight
910,720,720,9448401.0,226.0,41622.91,3,0.08924,12.29006,111.58,37.193,Q2_TopRight
742,720,720,14452935.0,238.0,60472.53,1,0.01757,0.16104,4.557,4.557,Q1_TopLeft
798,720,720,10388662.0,246.0,42059.36,2,0.02307,6.49921,115.58,57.79,Q2_TopRight
884,720,720,8612777.0,198.0,43280.29,20,0.29001,2.96437,31.376,1.569,Q3_BottomLeft
41,720,720,13544988.0,231.0,58383.57,37,0.24197,3.22984,54.815,1.481,Q3_BottomLeft
394,720,720,9051948.0,215.0,41907.17,0,0.0,,,,NoText
779,720,720,10471029.0,244.0,42738.89,3,0.02229,6.8638,122.614,40.871,Q2_TopRight
625,720,720,11697022.0,237.0,49147.15,18,0.10541,2.56075,49.617,2.756,Q3_BottomLeft
585,720,720,11284824.0,231.0,48641.48,1,0.00649,3.34532,71.731,71.731,Q1_TopLeft
833,720,720,15102051.0,218.0,68959.14,8,0.11897,3.77638,82.698,10.337,Q3_BottomLeft
348,720,720,15489167.0,224.0,68840.74,5,0.09535,5.57,115.915,23.183,Q1_TopLeft
455,720,720,12705382.0,239.0,52939.09,2,0.0024,0.56557,13.876,6.938,Q4_BottomRight
227,720,720,9168221.0,218.0,41864.02,1,0.0091,11.23962,181.836,181.836,Q3_BottomLeft
501,720,720,12121758.0,232.0,52024.71,3,0.00503,5.90418,134.734,44.911,Q4_BottomRight
502,720,720,11954440.0,205.0,58031.26,10,0.09475,2.30314,47.274,4.727,Q4_BottomRight
751,720,720,14872801.0,237.0,62490.76,10,0.15637,3.98053,77.896,7.79,Q3_BottomLeft
931,720,720,11669854.0,216.0,53778.13,1,0.00193,5.65261,126.115,126.115,Q4_BottomRight
662,720,720,9367194.0,227.0,41084.18,22,0.21187,5.04192,49.077,2.231,Q3_BottomLeft
685,720,720,8671648.0,177.0,48717.12,21,0.22125,6.56662,49.222,2.344,Q1_TopLeft
942,720,720,6848319.0,196.0,34763.04,11,0.09469,2.94311,32.838,2.985,Q3_BottomLeft
802,720,720,9171601.0,240.0,38056.44,0,0.0,,,,NoText
638,720,720,11583318.0,240.0,48063.56,2,0.02377,1.978,43.193,21.597,Q4_BottomRight
484,720,720,14247072.0,231.0,61409.79,0,0.0,,,,NoText
911,720,720,10278520.0,213.0,48030.47,1,0.00231,0.76322,15.141,15.141,Q1_TopLeft
699,720,720,14336164.0,239.0,59734.02,14,0.16207,4.71794,81.415,5.815,Q3_BottomLeft
